Workbook

Sheet Detail quantitatif fondation
A1: AO N° :
C3: Construction de locaux et travaux de réaménagement à la mine Youssoufia
E5: Détail Quantitatif Métré
A6: N° | B6: Désignation, détail de calcul, croquis, principe et justificatif | G6: U | H6: N | I6: Longueur | J6: largeur | K6: Hauteur / épaisseur | L6: Qté partielle | M6: Qté Total des Métrés
A8: 1 | B8: A- ETUDES TECHNIQUES, ESSAIS, CONTROLES ET RECEPTIONS
B9: Etude suivant descriptif (géotechnique, technique, formulations bétons, essais et contrôles, réceptions, récolement)
G10: f | H10: 1 | M10: 1
A11: 3 | B11: B- GROS ŒUVRES et maconnerie
B12: Terrassement en fouilles, en tranchées ou en plein masse y compris décapage de la terre végétale
N13: H/ bon sol + terre végétale $$$
N14: 1.48
B15: axe | C15: fill
B16: A | C16: 1-6 | G16: M3 | H16: 1 | I16: 25.4 | J16: 1.6 | K16: =$N$14 | L16: =K16*J16*I16*H16
B17: F | C17: 1-6 | G17: M3 | H17: 1 | I17: 25.4 | J17: 1.6 | K17: =$N$14+0.5 | L17: =K17*J17*I17*H17
B18: A-F | C18: 1 | G18: M3 | H18: 1 | I18: 11.4 | J18: 1.6 | K18: =$N$14 | L18: =K18*J18*I18*H18
B19: A-F | C19: 6 | G19: M3 | H19: 1 | I19: 11.4 | J19: 1.6 | K19: =$N$14 | L19: =K19*J19*I19*H19
B20: C-D | C20: 2 | G20: M3 | H20: 1 | I20: 2.75 | J20: 1.6 | K20: =$N$14+0.5 | L20: =K20*J20*I20*H20
B21: C-D | C21: 3 | G21: M3 | H21: 1 | I21: 2.75 | J21: 1.6 | K21: =$N$14 | L21: =K21*J21*I21*H21
B22: C-D | C22: 4 | G22: M3 | H22: 1 | I22: 2.75 | J22: 1.6 | K22: =$N$14 | L22: =K22*J22*I22*H22
B23: C-D | C23: 5 | G23: M3 | H23: 1 | I23: 2.75 | J23: 1.6 | K23: =$N$14 | L23: =K23*J23*I23*H23
A24: total | M24: =SUM(L16:L23)
A25: 15 | B25: Béton de propreté
A26: pour semelle isolee
B27: axe | C27: fill
A28: S1 | B28: A | C28: 1 | D28: 1 | E28: 1 | F28: 0.25 | G28: M3 | H28: 1 | I28: =D28 | J28: =E28 | K28: 0.1 | L28: =H28*I28*J28*K28
A29: S4 | B29: A | C29: 2 | D29: 1.5 | E29: 1.5 | F29: 0.4 | G29: M3 | H29: 1 | I29: =D29 | J29: =E29 | K29: 0.1 | L29: =H29*I29*J29*K29
A30: S4 | B30: A | C30: 4 | D30: 1.5 | E30: 1.5 | F30: 0.4 | G30: M3 | H30: 1 | I30: =D30 | J30: =E30 | K30: 0.1 | L30: =H30*I30*J30*K30
A31: S2 | B31: A | C31: 5 | D31: 1.1 | E31: 1.1 | F31: 0.25 | G31: M3 | H31: 1 | I31: =D31 | J31: =E31 | K31: 0.1 | L31: =H31*I31*J31*K31
A32: S3 | B32: A | C32: 6 | D32: 1.2 | E32: 1.2 | F32: 0.3 | G32: M3 | H32: 1 | I32: =D32 | J32: =E32 | K32: 0.1 | L32: =H32*I32*J32*K32
A33: S3 | B33: A | C33: 7 | D33: 1.2 | E33: 1.2 | F33: 0.3 | G33: M3 | H33: 1 | I33: =D33 | J33: =E33 | K33: 0.1 | L33: =H33*I33*J33*K33
A34: S4 | B34: D | C34: 1 | D34: 1.5 | E34: 1.5 | F34: 0.4 | G34: M3 | H34: 1 | I34: =D34 | J34: =E34 | K34: 0.1 | L34: =H34*I34*J34*K34
A35: total | M35: =SUM(L28:L34)
A36: pour longrines
A37: axe | B37: fill | C37: Nom
B38: C | C38: 5-6 | D38: LG | G38: M3 | H38: 1 | I38: 4.78 | J38: 0.4 | K38: 0.1 | L38: =K38*J38*I38*H38
B39: C | C39: 6-7 | D39: LG | G39: M3 | H39: 1 | I39: 2.65 | J39: 0.4 | K39: 0.1 | L39: =K39*J39*I39*H39
B40: C | C40: 7-8 | D40: LG | G40: M3 | H40: 1 | I40: 4.6 | J40: 0.4 | K40: 0.1 | L40: =K40*J40*I40*H40
B41: D | C41: 1-2 | D41: LG2 | G41: M3 | H41: 1 | I41: 2.48 | J41: 0.4 | K41: 0.1 | L41: =K41*J41*I41*H41
B42: D | C42: 2-3 | D42: LG2 | G42: M3 | H42: 1 | I42: =3.7 | J42: 0.4 | K42: 0.1 | L42: =K42*J42*I42*H42
B43: D | C43: 3-4 | D43: LG2 | G43: M3 | H43: 1 | I43: =3.7 | J43: 0.4 | K43: 0.1 | L43: =K43*J43*I43*H43
B44: D | C44: 4-5 | D44: LG2 | G44: M3 | H44: 1 | I44: 2.38 | J44: 0.4 | K44: 0.1 | L44: =K44*J44*I44*H44
B45: E | C45: 5-6 | D45: LG | G45: M3 | H45: 1 | I45: 4.78 | J45: 0.4 | K45: 0.1 | L45: =K45*J45*I45*H45
B46: E | C46: 6-7 | D46: LG | G46: M3 | H46: 1 | I46: 2.65 | J46: 0.4 | K46: 0.1 | L46: =K46*J46*I46*H46
B47: 2 | C47: A-D | D47: LG2 | G47: M3 | H47: 1 | I47: =3.82+0.4+0.82 | J47: 0.4 | K47: 0.1 | L47: =K47*J47*I47*H47
B48: 2 | C48: D-G | D48: LG2 | G48: M3 | H48: 1 | I48: =1.08+0.15+3.82 | J48: 0.4 | K48: 0.1 | L48: =K48*J48*I48*H48
B49: 3 | C49: D-G | D49: LG2 | G49: M3 | H49: 1 | I49: =1.08+0.15+3.82 | J49: 0.4 | K49: 0.1 | L49: =K49*J49*I49*H49
B50: 4 | C50: A-D | D50: LG2 | G50: M3 | H50: 1 | I50: =3.82+0.4+0.82 | J50: 0.4 | K50: 0.1 | L50: =K50*J50*I50*H50
B51: 5 | C51: A-E | D51: LG | G51: M3 | H51: 1 | I51: =3.82+0.4+0.82+1.08 | J51: 0.4 | K51: 0.1 | L51: =K51*J51*I51*H51
B52: 5 | C52: E-G | D52: LG | G52: M3 | H52: 1 | I52: =0.15+3.82 | J52: 0.4 | K52: 0.1 | L52: =K52*J52*I52*H52
B53: 6 | C53: A-E | D53: LG | G53: M3 | H53: 1 | I53: =3.82+0.4+0.82+1.08 | J53: 0.4 | K53: 0.1 | L53: =K53*J53*I53*H53
B54: 6 | C54: E-G | D54: LG | G54: M3 | H54: 1 | I54: =0.15+3.82 | J54: 0.4 | K54: 0.1 | L54: =K54*J54*I54*H54
B55: 7 | C55: A-E | D55: LG | G55: M3 | H55: 1 | I55: =3.82+0.4+0.82+1.08 | J55: 0.4 | K55: 0.1 | L55: =K55*J55*I55*H55
B56: 7 | C56: E-G | D56: LG | G56: M3 | H56: 1 | I56: =0.15+3.82 | J56: 0.4 | K56: 0.1 | L56: =K56*J56*I56*H56
A57: total | M57: =SUM(L38:L56)
A58: pour chainage
A59: axe | B59: fill | C59: Nom
B60: A | C60: 1-2 | D60: CH | G60: M3 | H60: 1 | I60: 2.48 | J60: 0.5 | K60: 0.1 | L60: =K60*J60*I60*H60
B61: A | C61: 2-4 | D61: CH | G61: M3 | H61: 1 | I61: 7.25 | J61: 0.5 | K61: 0.1 | L61: =K61*J61*I61*H61
B62: A | C62: 4-5 | D62: CH | G62: M3 | H62: 1 | I62: 2.38 | J62: 0.5 | K62: 0.1 | L62: =K62*J62*I62*H62
B63: A | C63: 5-6 | D63: CH | G63: M3 | H63: 1 | I63: 4.78 | J63: 0.5 | K63: 0.1 | L63: =K63*J63*I63*H63
B64: A | C64: 6-7 | D64: CH | G64: M3 | H64: 1 | I64: 2.65 | J64: 0.5 | K64: 0.1 | L64: =K64*J64*I64*H64
B65: A | C65: 7-8 | D65: CH | G65: M3 | H65: 1 | I65: 4.6 | J65: 0.5 | K65: 0.1 | L65: =K65*J65*I65*H65
B66: G | C66: 1-2 | D66: CH | G66: M3 | H66: 1 | I66: 2.48 | J66: 0.5 | K66: 0.1 | L66: =K66*J66*I66*H66
B67: G | C67: 2-4 | D67: CH | G67: M3 | H67: 1 | I67: 7.25 | J67: 0.5 | K67: 0.1 | L67: =K67*J67*I67*H67
B68: G | C68: 4-5 | D68: CH | G68: M3 | H68: 1 | I68: 2.38 | J68: 0.5 | K68: 0.1 | L68: =K68*J68*I68*H68
B69: G | C69: 5-6 | D69: CH | G69: M3 | H69: 1 | I69: 4.78 | J69: 0.5 | K69: 0.1 | L69: =K69*J69*I69*H69
B70: G | C70: 6-7 | D70: CH | G70: M3 | H70: 1 | I70: 2.65 | J70: 0.5 | K70: 0.1 | L70: =K70*J70*I70*H70
B71: G | C71: 7-8 | D71: CH | G71: M3 | H71: 1 | I71: 4.6 | J71: 0.5 | K71: 0.1 | L71: =K71*J71*I71*H71
B72: 1 | C72: A-D | D72: CH | G72: M3 | H72: 1 | I72: =3.82+0.4+0.82 | J72: 0.5 | K72: 0.1 | L72: =K72*J72*I72*H72
B73: 1 | C73: D-G | D73: CH | G73: M3 | H73: 1 | I73: =1.08+0.15+3.82 | J73: 0.5 | K73: 0.1 | L73: =K73*J73*I73*H73
B74: 8 | C74: A-C | D74: CH | G74: M3 | H74: 1 | I74: =3.82+0.4 | J74: 0.5 | K74: 0.1 | L74: =K74*J74*I74*H74
B75: 8 | C75: C-E | D75: CH | G75: M3 | H75: 1 | I75: =0.82+1.08 | J75: 0.5 | K75: 0.1 | L75: =K75*J75*I75*H75
B76: 8 | C76: E-G | D76: CH | G76: M3 | H76: 1 | I76: =0.15+3.82 | J76: 0.5 | K76: 0.1 | L76: =K76*J76*I76*H76
A77: total | M77: =SUM(L60:L76) | N77: =M35+M57+M77
A78: 16 | B78: Gros béton
B79: axe | C79: fill
A80: S3 | B80: A | C80: 8 | G80: M3 | H80: 1 | I80: 1.2 | J80: 1.2 | K80: 0.5 | L80: =K80*J80*I80*H80
A81: S5 | B81: B | C81: 5 | G81: M3 | H81: 1 | I81: 1.5 | J81: 1.5 | K81: 0.5 | L81: =K81*J81*I81*H81
A82: S4 | B82: C | C82: 6 | G82: M3 | H82: 1 | I82: 1.5 | J82: 1.5 | K82: 0.5 | L82: =K82*J82*I82*H82
A83: S4 | B83: C | C83: 7 | G83: M3 | H83: 1 | I83: 1.5 | J83: 1.5 | K83: 0.5 | L83: =K83*J83*I83*H83
A84: S3 | B84: C | C84: 8 | G84: M3 | H84: 1 | I84: 1.2 | J84: 1.2 | K84: 0.5 | L84: =K84*J84*I84*H84
A85: S4 | B85: E | C85: 6 | G85: M3 | H85: 1 | I85: 1.5 | J85: 1.5 | K85: 0.5 | L85: =K85*J85*I85*H85
A86: S4 | B86: E | C86: 7 | G86: M3 | H86: 1 | I86: 1.5 | J86: 1.5 | K86: 0.5 | L86: =K86*J86*I86*H86
A87: S3 | B87: E | C87: 8 | G87: M3 | H87: 1 | I87: 1.2 | J87: 1.2 | K87: 0.5 | L87: =K87*J87*I87*H87
A88: S5 | B88: F | C88: 5 | G88: M3 | H88: 1 | I88: 1.5 | J88: 1.5 | K88: 0.5 | L88: =K88*J88*I88*H88
A89: S1 | B89: G | C89: 1 | G89: M3 | H89: 1 | I89: 1 | J89: 1 | K89: 0.5 | L89: =K89*J89*I89*H89
A90: S4 | B90: G | C90: 2 | G90: M3 | H90: 1 | I90: 1.5 | J90: 1.5 | K90: 0.5 | L90: =K90*J90*I90*H90
A91: S4 | B91: G | C91: 3 | G91: M3 | H91: 1 | I91: 1.5 | J91: 1.5 | K91: 0.5 | L91: =K91*J91*I91*H91
... A95: S3 | B95: G | C95: 8 | G95: M3 | H95: 1 | I95: 1.2 | J95: 1.2 | K95: 0.5 | L95: =K95*J95*I95*H95
A96: semelle perdu | G96: M3 | H96: 1 | I96: 1.6 | J96: 1.6 | K96: 1.4 | L96: =K96*J96*I96*H96
A97: semelle perdu | G97: M3 | H97: 1 | I97: 1.6 | J97: 1.6 | K97: 1.4 | L97: =K97*J97*I97*H97
B98: G | C98: 4-5 | G98: M3 | H98: 1 | I98: 2.38 | J98: 0.4 | K98: 0.3 | L98: =K98*J98*I98*H98
B99: G | C99: 5-6 | G99: M3 | H99: 1 | I99: 4.78 | J99: 0.4 | K99: 0.3 | L99: =K99*J99*I99*H99
B100: G | C100: 6-7 | G100: M3 | H100: 1 | I100: 2.65 | J100: 0.4 | K100: 0.3 | L100: =K100*J100*I100*H100
B101: G | C101: 7-8 | G101: M3 | H101: 1 | I101: 4.6 | J101: 0.4 | K101: 0.3 | L101: =K101*J101*I101*H101
A102: total | M102: =SUM(L80:L101)
A103: 17 | B103: Maçonnerie de moellons en fondation exécutée selon descriptif
B104: axe | C104: fill
B105: A | C105: 1-2 | G105: M3 | H105: 1 | I105: 2.48 | J105: 0.4 | K105: =$N$14-0.1 | L105: =K105*J105*I105*H105
B106: A | C106: 2-4 | G106: M3 | H106: 1 | I106: 7.25 | J106: 0.4 | K106: =$N$14-0.1 | L106: =K106*J106*I106*H106
...

Sheet Armatures
A1: AO N° :
C3: Construction de locaux et travaux de réaménagement à la mine Youssoufia
E5: Détail Quantitatif Métré
A6: N° | B6: Désignation, détail de calcul, croquis, principe et justificatif | G6: U | H6: N | I6: Longueur | J6: largeur | K6: Hauteur / épaisseur | L6: Qté partielle | M6: Qté Total des Métrés
A8: 21 | B8: Armature pour béton armé en fondation et en élévation
A9: semelle isolee
A10: ax | G10: 2 | H10: 6 | I10: 12 | J10: =1.0-0.05+34*I10/1000 | K10: =IF(I10=6,G10*H10*J10,"") | L10: =IF(I10=8,G10*H10*J10,"") | M10: =IF(I10=10,G10*H10*J10,"") | N10: =IF(I10=12,G10*H10*J10,"") | O10: =IF(I10=14,G10*H10*J10,"") | P10: =IF(I10=16,G10*H10*J10,"") | Q10: =IF(I10=20,G10*H10*J10,"") | R10: =IF(I10=25,G10*H10*J10,"") | S10: =IF(I10=32,G10*H10*J10,"")
A11: ay | G11: 2 | H11: 6 | I11: 12 | J11: =1.0-0.05+34*I11/1000 | K11: =IF(I11=6,G11*H11*J11,"") | L11: =IF(I11=8,G11*H11*J11,"") | M11: =IF(I11=10,G11*H11*J11,"") | N11: =IF(I11=12,G11*H11*J11,"") | O11: =IF(I11=14,G11*H11*J11,"") | P11: =IF(I11=16,G11*H11*J11,"") | Q11: =IF(I11=20,G11*H11*J11,"") | R11: =IF(I11=25,G11*H11*J11,"") | S11: =IF(I11=32,G11*H11*J11,"")
A12: ax | G12: 1 | H12: 7 | I12: 12 | J12: =1.1-0.05+34*I12/1000 | K12: =IF(I12=6,G12*H12*J12,"") | L12: =IF(I12=8,G12*H12*J12,"") | M12: =IF(I12=10,G12*H12*J12,"") | N12: =IF(I12=12,G12*H12*J12,"") | O12: =IF(I12=14,G12*H12*J12,"") | P12: =IF(I12=16,G12*H12*J12,"") | Q12: =IF(I12=20,G12*H12*J12,"") | R12: =IF(I12=25,G12*H12*J12,"") | S12: =IF(I12=32,G12*H12*J12,"")
A13: ay | G13: 1 | H13: 7 | I13: 12 | J13: =1.1-0.05+34*I13/1000 | K13: =IF(I13=6,G13*H13*J13,"") | L13: =IF(I13=8,G13*H13*J13,"") | M13: =IF(I13=10,G13*H13*J13,"") | N13: =IF(I13=12,G13*H13*J13,"") | O13: =IF(I13=14,G13*H13*J13,"") | P13: =IF(I13=16,G13*H13*J13,"") | Q13: =IF(I13=20,G13*H13*J13,"") | R13: =IF(I13=25,G13*H13*J13,"") | S13: =IF(I13=32,G13*H13*J13,"")
A14: ax | G14: 8 | H14: 8 | I14: 12 | J14: =1.2-0.05+34*I14/1000 | K14: =IF(I14=6,G14*H14*J14,"") | L14: =IF(I14=8,G14*H14*J14,"") | M14: =IF(I14=10,G14*H14*J14,"") | N14: =IF(I14=12,G14*H14*J14,"") | O14: =IF(I14=14,G14*H14*J14,"") | P14: =IF(I14=16,G14*H14*J14,"") | Q14: =IF(I14=20,G14*H14*J14,"") | R14: =IF(I14=25,G14*H14*J14,"") | S14: =IF(I14=32,G14*H14*J14,"")
A15: ay | G15: 8 | H15: 8 | I15: 12 | J15: =1.2-0.05+34*I15/1000 | K15: =IF(I15=6,G15*H15*J15,"") | L15: =IF(I15=8,G15*H15*J15,"") | M15: =IF(I15=10,G15*H15*J15,"") | N15: =IF(I15=12,G15*H15*J15,"") | O15: =IF(I15=14,G15*H15*J15,"") | P15: =IF(I15=16,G15*H15*J15,"") | Q15: =IF(I15=20,G15*H15*J15,"") | R15: =IF(I15=25,G15*H15*J15,"") | S15: =IF(I15=32,G15*H15*J15,"")
A16: ax | G16: 9 | H16: 11 | I16: 12 | J16: =1.5-0.05+34*I16/1000 | K16: =IF(I16=6,G16*H16*J16,"") | L16: =IF(I16=8,G16*H16*J16,"") | M16: =IF(I16=10,G16*H16*J16,"") | N16: =IF(I16=12,G16*H16*J16,"") | O16: =IF(I16=14,G16*H16*J16,"") | P16: =IF(I16=16,G16*H16*J16,"") | Q16: =IF(I16=20,G16*H16*J16,"") | R16: =IF(I16=25,G16*H16*J16,"") | S16: =IF(I16=32,G16*H16*J16,"")
A17: ay | G17: 9 | H17: 11 | I17: 12 | J17: =1.5-0.05+34*I17/1000 | K17: =IF(I17=6,G17*H17*J17,"") | L17: =IF(I17=8,G17*H17*J17,"") | M17: =IF(I17=10,G17*H17*J17,"") | N17: =IF(I17=12,G17*H17*J17,"") | O17: =IF(I17=14,G17*H17*J17,"") | P17: =IF(I17=16,G17*H17*J17,"") | Q17: =IF(I17=20,G17*H17*J17,"") | R17: =IF(I17=25,G17*H17*J17,"") | S17: =IF(I17=32,G17*H17*J17,"")
A18: ax | G18: 3 | H18: 11 | I18: 12 | J18: =1.5-0.05+34*I18/1000 | K18: =IF(I18=6,G18*H18*J18,"") | L18: =IF(I18=8,G18*H18*J18,"") | M18: =IF(I18=10,G18*H18*J18,"") | N18: =IF(I18=12,G18*H18*J18,"") | O18: =IF(I18=14,G18*H18*J18,"") | P18: =IF(I18=16,G18*H18*J18,"") | Q18: =IF(I18=20,G18*H18*J18,"") | R18: =IF(I18=25,G18*H18*J18,"") | S18: =IF(I18=32,G18*H18*J18,"")
A19: ay | G19: 3 | H19: 11 | I19: 12 | J19: =1.5-0.05+34*I19/1000 | K19: =IF(I19=6,G19*H19*J19,"") | L19: =IF(I19=8,G19*H19*J19,"") | M19: =IF(I19=10,G19*H19*J19,"") | N19: =IF(I19=12,G19*H19*J19,"") | O19: =IF(I19=14,G19*H19*J19,"") | P19: =IF(I19=16,G19*H19*J19,"") | Q19: =IF(I19=20,G19*H19*J19,"") | R19: =IF(I19=25,G19*H19*J19,"") | S19: =IF(I19=32,G19*H19*J19,"")
A20: total | M20: =SUM(L10:L19)
A21: fût poteau
T22: 1.4
E23: P1 | K23: =IF(I23=6,G23*H23*J23,"") | L23: =IF(I23=8,G23*H23*J23,"") | M23: =IF(I23=10,G23*H23*J23,"") | N23: =IF(I23=12,G23*H23*J23,"") | O23: =IF(I23=14,G23*H23*J23,"") | P23: =IF(I23=16,G23*H23*J23,"") | Q23: =IF(I23=20,G23*H23*J23,"") | R23: =IF(I23=25,G23*H23*J23,"") | S23: =IF(I23=32,G23*H23*J23,"")
A24: ARM LONG | G24: 12 | H24: 4 | I24: 14 | J24: =($T$22-0.1-0.05)+70*I24/1000+18*I24/1000 | K24: =IF(I24=6,G24*H24*J24,"") | L24: =IF(I24=8,G24*H24*J24,"") | M24: =IF(I24=10,G24*H24*J24,"") | N24: =IF(I24=12,G24*H24*J24,"") | O24: =IF(I24=14,G24*H24*J24,"") | P24: =IF(I24=16,G24*H24*J24,"") | Q24: =IF(I24=20,G24*H24*J24,"") | R24: =IF(I24=25,G24*H24*J24,"") | S24: =IF(I24=32,G24*H24*J24,"")
A25: ARM LONG | G25: 12 | H25: 2 | I25: 14 | J25: =($T$22-0.1-0.05)+70*I25/1000+18*I25/1000 | K25: =IF(I25=6,G25*H25*J25,"") | L25: =IF(I25=8,G25*H25*J25,"") | M25: =IF(I25=10,G25*H25*J25,"") | N25: =IF(I25=12,G25*H25*J25,"") | O25: =IF(I25=14,G25*H25*J25,"") | P25: =IF(I25=16,G25*H25*J25,"") | Q25: =IF(I25=20,G25*H25*J25,"") | R25: =IF(I25=25,G25*H25*J25,"") | S25: =IF(I25=32,G25*H25*J25,"")
A26: CADRE | G26: 12 | H26: =ROUNDUP(1.2/0.15,0)+2 | I26: 6 | J26: =(2*(0.25+0.35)-0.05+20.5*I26/1000) | K26: =IF(I26=6,G26*H26*J26,"") | L26: =IF(I26=8,G26*H26*J26,"") | M26: =IF(I26=10,G26*H26*J26,"") | N26: =IF(I26=12,G26*H26*J26,"") | O26: =IF(I26=14,G26*H26*J26,"") | P26: =IF(I26=16,G26*H26*J26,"") | Q26: =IF(I26=20,G26*H26*J26,"") | R26: =IF(I26=25,G26*H26*J26,"") | S26: =IF(I26=32,G26*H26*J26,"")
A27: EPINGLE | G27: 12 | H27: =ROUNDUP(1.2/0.15,0)+2 | I27: 6 | J27: =0.25-0.05+22*I27/1000 | K27: =IF(I27=6,G27*H27*J27,"") | L27: =IF(I27=8,G27*H27*J27,"") | M27: =IF(I27=10,G27*H27*J27,"") | N27: =IF(I27=12,G27*H27*J27,"") | O27: =IF(I27=14,G27*H27*J27,"") | P27: =IF(I27=16,G27*H27*J27,"") | Q27: =IF(I27=20,G27*H27*J27,"") | R27: =IF(I27=25,G27*H27*J27,"") | S27: =IF(I27=32,G27*H27*J27,"")
E28: P2 | K28: =IF(I28=6,G28*H28*J28,"") | L28: =IF(I28=8,G28*H28*J28,"") | M28: =IF(I28=10,G28*H28*J28,"") | N28: =IF(I28=12,G28*H28*J28,"") | O28: =IF(I28=14,G28*H28*J28,"") | P28: =IF(I28=16,G28*H28*J28,"") | Q28: =IF(I28=20,G28*H28*J28,"") | R28: =IF(I28=25,G28*H28*J28,"") | S28: =IF(I28=32,G28*H28*J28,"")
A29: ARM LONG | G29: 5 | H29: 4 | I29: 14 | J29: =($T$22-0.1-0.05)+70*I29/1000+18*I29/1000 | K29: =IF(I29=6,G29*H29*J29,"") | L29: =IF(I29=8,G29*H29*J29,"") | M29: =IF(I29=10,G29*H29*J29,"") | N29: =IF(I29=12,G29*H29*J29,"") | O29: =IF(I29=14,G29*H29*J29,"") | P29: =IF(I29=16,G29*H29*J29,"") | Q29: =IF(I29=20,G29*H29*J29,"") | R29: =IF(I29=25,G29*H29*J29,"") | S29: =IF(I29=32,G29*H29*J29,"")
A30: ARM LONG | G30: 5 | H30: 2 | I30: 14 | J30: =($T$22-0.1-0.05)+70*I30/1000+18*I30/1000 | K30: =IF(I30=6,G30*H30*J30,"") | L30: =IF(I30=8,G30*H30*J30,"") | M30: =IF(I30=10,G30*H30*J30,"") | N30: =IF(I30=12,G30*H30*J30,"") | O30: =IF(I30=14,G30*H30*J30,"") | P30: =IF(I30=16,G30*H30*J30,"") | Q30: =IF(I30=20,G30*H30*J30,"") | R30: =IF(I30=25,G30*H30*J30,"") | S30: =IF(I30=32,G30*H30*J30,"")
A31: CADRE | G31: 5 | H31: =ROUNDUP(1.2/0.15,0)+2 | I31: 6 | J31: =(2*(0.4+0.4)-0.05+20.5*I31/1000) | K31: =IF(I31=6,G31*H31*J31,"") | L31: =IF(I31=8,G31*H31*J31,"") | M31: =IF(I31=10,G31*H31*J31,"") | N31: =IF(I31=12,G31*H31*J31,"") | O31: =IF(I31=14,G31*H31*J31,"") | P31: =IF(I31=16,G31*H31*J31,"") | Q31: =IF(I31=20,G31*H31*J31,"") | R31: =IF(I31=25,G31*H31*J31,"") | S31: =IF(I31=32,G31*H31*J31,"")
A32: EPINGLE | G32: 5 | H32: =ROUNDUP(1.2/0.15,0)+2 | I32: 6 | J32: =0.4-0.05+22*I32/1000 | K32: =IF(I32=6,G32*H32*J32,"") | L32: =IF(I32=8,G32*H32*J32,"") | M32: =IF(I32=10,G32*H32*J32,"") | N32: =IF(I32=12,G32*H32*J32,"") | O32: =IF(I32=14,G32*H32*J32,"") | P32: =IF(I32=16,G32*H32*J32,"") | Q32: =IF(I32=20,G32*H32*J32,"") | R32: =IF(I32=25,G32*H32*J32,"") | S32: =IF(I32=32,G32*H32*J32,"")
E33: P3 | K33: =IF(I33=6,G33*H33*J33,"") | L33: =IF(I33=8,G33*H33*J33,"") | M33: =IF(I33=10,G33*H33*J33,"") | N33: =IF(I33=12,G33*H33*J33,"") | O33: =IF(I33=14,G33*H33*J33,"") | P33: =IF(I33=16,G33*H33*J33,"") | Q33: =IF(I33=20,G33*H33*J33,"") | R33: =IF(I33=25,G33*H33*J33,"") | S33: =IF(I33=32,G33*H33*J33,"")
A34: ARM LONG | G34: 4 | H34: 4 | I34: 14 | J34: =($T$22-0.1-0.05)+70*I34/1000+18*I34/1000 | K34: =IF(I34=6,G34*H34*J34,"") | L34: =IF(I34=8,G34*H34*J34,"") | M34: =IF(I34=10,G34*H34*J34,"") | N34: =IF(I34=12,G34*H34*J34,"") | O34: =IF(I34=14,G34*H34*J34,"") | P34: =IF(I34=16,G34*H34*J34,"") | Q34: =IF(I34=20,G34*H34*J34,"") | R34: =IF(I34=25,G34*H34*J34,"") | S34: =IF(I34=32,G34*H34*J34,"")
A35: ARM LONG | G35: 4 | H35: 2 | I35: 14 | J35: =($T$22-0.1-0.05)+70*I35/1000+18*I35/1000 | K35: =IF(I35=6,G35*H35*J35,"") | L35: =IF(I35=8,G35*H35*J35,"") | M35: =IF(I35=10,G35*H35*J35,"") | N35: =IF(I35=12,G35*H35*J35,"") | O35: =IF(I35=14,G35*H35*J35,"") | P35: =IF(I35=16,G35*H35*J35,"") | Q35: =IF(I35=20,G35*H35*J35,"") | R35: =IF(I35=25,G35*H35*J35,"") | S35: =IF(I35=32,G35*H35*J35,"")
A36: CADRE | G36: 4 | H36: =ROUNDUP(1.2/0.15,0)+2 | I36: 6 | J36: =(2*(0.3+0.3)-0.05+20.5*I36/1000) | K36: =IF(I36=6,G36*H36*J36,"") | L36: =IF(I36=8,G36*H36*J36,"") | M36: =IF(I36=10,G36*H36*J36,"") | N36: =IF(I36=12,G36*H36*J36,"") | O36: =IF(I36=14,G36*H36*J36,"") | P36: =IF(I36=16,G36*H36*J36,"") | Q36: =IF(I36=20,G36*H36*J36,"") | R36: =IF(I36=25,G36*H36*J36,"") | S36: =IF(I36=32,G36*H36*J36,"")
A37: EPINGLE | G37: 4 | H37: =ROUNDUP(1.2/0.15,0)+2 | I37: 6 | J37: =0.3-0.05+22*I37/1000 | K37: =IF(I37=6,G37*H37*J37,"") | L37: =IF(I37=8,G37*H37*J37,"") | M37: =IF(I37=10,G37*H37*J37,"") | N37: =IF(I37=12,G37*H37*J37,"") | O37: =IF(I37=14,G37*H37*J37,"") | P37: =IF(I37=16,G37*H37*J37,"") | Q37: =IF(I37=20,G37*H37*J37,"") | R37: =IF(I37=25,G37*H37*J37,"") | S37: =IF(I37=32,G37*H37*J37,"")
E38: P4 | K38: =IF(I38=6,G38*H38*J38,"") | L38: =IF(I38=8,G38*H38*J38,"") | M38: =IF(I38=10,G38*H38*J38,"") | N38: =IF(I38=12,G38*H38*J38,"") | O38: =IF(I38=14,G38*H38*J38,"") | P38: =IF(I38=16,G38*H38*J38,"") | Q38: =IF(I38=20,G38*H38*J38,"") | R38: =IF(I38=25,G38*H38*J38,"") | S38: =IF(I38=32,G38*H38*J38,"")
A39: ARM LONG | G39: 2 | H39: 6 | I39: 14 | J39: =($T$22-0.1-0.05)+70*I39/1000+18*I39/1000 | K39: =IF(I39=6,G39*H39*J39,"") | L39: =IF(I39=8,G39*H39*J39,"") | M39: =IF(I39=10,G39*H39*J39,"") | N39: =IF(I39=12,G39*H39*J39,"") | O39: =IF(I39=14,G39*H39*J39,"") | P39: =IF(I39=16,G39*H39*J39,"") | Q39: =IF(I39=20,G39*H39*J39,"") | R39: =IF(I39=25,G39*H39*J39,"") | S39: =IF(I39=32,G39*H39*J39,"")
A40: CADRE | G40: 2 | H40: =ROUNDUP(1.2/0.15,0)+2 | I40: 6 | J40: =(2*(0.35+0.35)-0.05+20.5*I40/1000) | K40: =IF(I40=6,G40*H40*J40,"") | L40: =IF(I40=8,G40*H40*J40,"") | M40: =IF(I40=10,G40*H40*J40,"") | N40: =IF(I40=12,G40*H40*J40,"") | O40: =IF(I40=14,G40*H40*J40,"") | P40: =IF(I40=16,G40*H40*J40,"") | Q40: =IF(I40=20,G40*H40*J40,"") | R40: =IF(I40=25,G40*H40*J40,"") | S40: =IF(I40=32,G40*H40*J40,"")
A41: EPINGLE | G41: 2 | H41: =ROUNDUP(1.2/0.15,0)+2 | I41: 6 | J41: =0.35-0.05+22*I41/1000 | K41: =IF(I41=6,G41*H41*J41,"") | L41: =IF(I41=8,G41*H41*J41,"") | M41: =IF(I41=10,G41*H41*J41,"") | N41: =IF(I41=12,G41*H41*J41,"") | O41: =IF(I41=14,G41*H41*J41,"") | P41: =IF(I41=16,G41*H41*J41,"") | Q41: =IF(I41=20,G41*H41*J41,"") | R41: =IF(I41=25,G41*H41*J41,"") | S41: =IF(I41=32,G41*H41*J41,"")
A42: total | M42: =SUM(L23:L38)
A43: chainage
D44: ='Detail quantitatif fondation'!I174+'Detail quantitatif fondation'!I175+'Detail quantitatif fondation'!I176+'Detail quantitatif fondation'!I177+'Detail quantitatif fondation'!I178+'Detail quantitatif fondation'!I179+'Detail quantitatif fondation'!I180+'Detail quantitatif fondation'!I181+'Detail quantitatif fondation'!I182+'Detail quantitatif fondation'!I183+'Detail quantitatif fondation'!I184+'Detail quantitatif fondation'!I185+'Detail quantitatif fondation'!I186+'Detail quantitatif fondation'!I187+'Detail quantitatif fondation'!I188+'Detail quantitatif fondation'!I189+'Detail quantitatif fondation'!I190 | E44: 0.4 | F44: 0.2
A45: ARM LONG | G45: 1 | H45: 6 | I45: 10 | J45: =D44+ROUNDUP(D44/12,0) | K45: =IF(I45=6,G45*H45*J45,"") | L45: =IF(I45=8,G45*H45*J45,"") | M45: =IF(I45=10,G45*H45*J45,"") | N45: =IF(I45=12,G45*H45*J45,"") | O45: =IF(I45=14,G45*H45*J45,"") | P45: =IF(I45=16,G45*H45*J45,"") | Q45: =IF(I45=20,G45*H45*J45,"") | R45: =IF(I45=25,G45*H45*J45,"") | S45: =IF(I45=32,G45*H45*J45,"")
A46: CADRE | G46: 1 | H46: =ROUNDUP((J45-0.3*(12+7+4))/0.2,0) | I46: 6 | J46: =2*(E44+F44)-0.05+20.5*I46/1000 | K46: =IF(I46=6,G46*H46*J46,"") | L46: =IF(I46=8,G46*H46*J46,"") | M46: =IF(I46=10,G46*H46*J46,"") | N46: =IF(I46=12,G46*H46*J46,"") | O46: =IF(I46=14,G46*H46*J46,"") | P46: =IF(I46=16,G46*H46*J46,"") | Q46: =IF(I46=20,G46*H46*J46,"") | R46: =IF(I46=25,G46*H46*J46,"") | S46: =IF(I46=32,G46*H46*J46,"")
A47: EPINGLE | G47: 1 | H47: 6 | I47: 6 | J47: =F44-0.05+22*I47/1000 | K47: =IF(I47=6,G47*H47*J47,"") | L47: =IF(I47=8,G47*H47*J47,"") | M47: =IF(I47=10,G47*H47*J47,"") | N47: =IF(I47=12,G47*H47*J47,"") | O47: =IF(I47=14,G47*H47*J47,"") | P47: =IF(I47=16,G47*H47*J47,"") | Q47: =IF(I47=20,G47*H47*J47,"") | R47: =IF(I47=25,G47*H47*J47,"") | S47: =IF(I47=32,G47*H47*J47,"")
A48: LONGRINE LG1
A49: LG1 | D49: ='Detail quantitatif fondation'!I152+'Detail quantitatif fondation'!I153+'Detail quantitatif fondation'!I154+'Detail quantitatif fondation'!I159+'Detail quantitatif fondation'!I160+'Detail quantitatif fondation'!I165+'Detail quantitatif fondation'!I166+'Detail quantitatif fondation'!I167+'Detail quantitatif fondation'!I168+'Detail quantitatif fondation'!I169+'Detail quantitatif fondation'!I170 | E49: 0.2 | F49: 0.5
A50: ARM LONG SUPP | G50: 1 | H50: 3 | I50: 12 | J50: =D49 | K50: =IF(I50=6,G50*H50*J50,"") | L50: =IF(I50=8,G50*H50*J50,"") | M50: =IF(I50=10,G50*H50*J50,"") | N50: =IF(I50=12,G50*H50*J50,"") | O50: =IF(I50=14,G50*H50*J50,"") | P50: =IF(I50=16,G50*H50*J50,"") | Q50: =IF(I50=20,G50*H50*J50,"") | R50: =IF(I50=25,G50*H50*J50,"") | S50: =IF(I50=32,G50*H50*J50,"")
A51: ARM LONG INF | G51: 1 | H51: 3 | I51: 10 | J51: =D49 | K51: =IF(I51=6,G51*H51*J51,"") | L51: =IF(I51=8,G51*H51*J51,"") | M51: =IF(I51=10,G51*H51*J51,"") | N51: =IF(I51=12,G51*H51*J51,"") | O51: =IF(I51=14,G51*H51*J51,"") | P51: =IF(I51=16,G51*H51*J51,"") | Q51: =IF(I51=20,G51*H51*J51,"") | R51: =IF(I51=25,G51*H51*J51,"") | S51: =IF(I51=32,G51*H51*J51,"")
A52: CADRE | G52: 1 | H52: =ROUNDUP(D49/0.2,0) | I52: 6 | J52: =2*(E49+F49)-0.05+20.5*I52/1000 | K52: =IF(I52=6,G52*H52*J52,"") | L52: =IF(I52=8,G52*H52*J52,"") | M52: =IF(I52=10,G52*H52*J52,"") | N52: =IF(I52=12,G52*H52*J52,"") | O52: =IF(I52=14,G52*H52*J52,"") | P52: =IF(I52=16,G52*H52*J52,"") | Q52: =IF(I52=20,G52*H52*J52,"") | R52: =IF(I52=25,G52*H52*J52,"") | S52: =IF(I52=32,G52*H52*J52,"")
A53: EPINGLE | G53: 1 | H53: =ROUNDUP(D49/0.2,0) | I53: 6 | J53: =F49-0.05+22*I53/1000 | K53: =IF(I53=6,G53*H53*J53,"") | L53: =IF(I53=8,G53*H53*J53,"") | M53: =IF(I53=10,G53*H53*J53,"") | N53: =IF(I53=12,G53*H53*J53,"") | O53: =IF(I53=14,G53*H53*J53,"") | P53: =IF(I53=16,G53*H53*J53,"") | Q53: =IF(I53=20,G53*H53*J53,"") | R53: =IF(I53=25,G53*H53*J53,"") | S53: =IF(I53=32,G53*H53*J53,"")
A54: LONGRINE LG2
A55: LG2 | D55: ='Detail quantitatif fondation'!I155+'Detail quantitatif fondation'!I156+'Detail quantitatif fondation'!I157+'Detail quantitatif fondation'!I158+'Detail quantitatif fondation'!I161+'Detail quantitatif fondation'!I162+'Detail quantitatif fondation'!I163+'Detail quantitatif fondation'!I164 | E55: 0.2 | F55: 0.4
A56: ARM LONG SUPP | G56: 1 | H56: 3 | I56: 12 | J56: =D55 | K56: =IF(I56=6,G56*H56*J56,"") | L56: =IF(I56=8,G56*H56*J56,"") | M56: =IF(I56=10,G56*H56*J56,"") | N56: =IF(I56=12,G56*H56*J56,"") | O56: =IF(I56=14,G56*H56*J56,"") | P56: =IF(I56=16,G56*H56*J56,"") | Q56: =IF(I56=20,G56*H56*J56,"") | R56: =IF(I56=25,G56*H56*J56,"") | S56: =IF(I56=32,G56*H56*J56,"")
A57: ARM LONG INF | G57: 1 | H57: 3 | I57: 10 | J57: =D55 | K57: =IF(I57=6,G57*H57*J57,"") | L57: =IF(I57=8,G57*H57*J57,"") | M57: =IF(I57=10,G57*H57*J57,"") | N57: =IF(I57=12,G57*H57*J57,"") | O57: =IF(I57=14,G57*H57*J57,"") | P57: =IF(I57=16,G57*H57*J57,"") | Q57: =IF(I57=20,G57*H57*J57,"") | R57: =IF(I57=25,G57*H57*J57,"") | S57: =IF(I57=32,G57*H57*J57,"")
A58: CADRE | G58: 1 | H58: =ROUNDUP(D55/0.2,0) | I58: 6 | J58: =2*(E55+F55)-0.05+20.5*I58/1000 | K58: =IF(I58=6,G58*H58*J58,"") | L58: =IF(I58=8,G58*H58*J58,"") | M58: =IF(I58=10,G58*H58*J58,"") | N58: =IF(I58=12,G58*H58*J58,"") | O58: =IF(I58=14,G58*H58*J58,"") | P58: =IF(I58=16,G58*H58*J58,"") | Q58: =IF(I58=20,G58*H58*J58,"") | R58: =IF(I58=25,G58*H58*J58,"") | S58: =IF(I58=32,G58*H58*J58,"")
A59: EPINGLE | G59: 1 | H59: =ROUNDUP(D55/0.2,0) | I59: 6 | J59: =F55-0.05+22*I59/1000 | K59: =IF(I59=6,G59*H59*J59,"") | L59: =IF(I59=8,G59*H59*J59,"") | M59: =IF(I59=10,G59*H59*J59,"") | N59: =IF(I59=12,G59*H59*J59,"") | O59: =IF(I59=14,G59*H59*J59,"") | P59: =IF(I59=16,G59*H59*J59,"") | Q59: =IF(I59=20,G59*H59*J59,"") | R59: =IF(I59=25,G59*H59*J59,"") | S59: =IF(I59=32,G59*H59*J59,"")
A60: NAPPE DU DALLAGE
A61: DALLAGE TYPE 13CM | E61: 10.4 | F61: 11.64 | K61: =IF(I61=6,G61*H61*J61,"") | L61: =IF(I61=8,G61*H61*J61,"") | M61: =IF(I61=10,G61*H61*J61,"") | N61: =IF(I61=12,G61*H61*J61,"") | O61: =IF(I61=14,G61*H61*J61,"") | P61: =IF(I61=16,G61*H61*J61,"") | Q61: =IF(I61=20,G61*H61*J61,"") | R61: =IF(I61=25,G61*H61*J61,"") | S61: =IF(I61=32,G61*H61*J61,"")
A62: AX | G62: 1 | H62: =ROUNDUP(E61/0.15,0) | I62: 8 | J62: =10.4 | K62: =IF(I62=6,G62*H62*J62,"") | L62: =IF(I62=8,G62*H62*J62,"") | M62: =IF(I62=10,G62*H62*J62,"") | N62: =IF(I62=12,G62*H62*J62,"") | O62: =IF(I62=14,G62*H62*J62,"") | P62: =IF(I62=16,G62*H62*J62,"") | Q62: =IF(I62=20,G62*H62*J62,"") | R62: =IF(I62=25,G62*H62*J62,"") | S62: =IF(I62=32,G62*H62*J62,"")
A63: AY | G63: 1 | H63: =ROUNDUP(F61/0.15,0) | I63: 8 | J63: =11.64+1 | K63: =IF(I63=6,G63*H63*J63,"") | L63: =IF(I63=8,G63*H63*J63,"") | M63: =IF(I63=10,G63*H63*J63,"") | N63: =IF(I63=12,G63*H63*J63,"") | O63: =IF(I63=14,G63*H63*J63,"") | P63: =IF(I63=16,G63*H63*J63,"") | Q63: =IF(I63=20,G63*H63*J63,"") | R63: =IF(I63=25,G63*H63*J63,"") | S63: =IF(I63=32,G63*H63*J63,"")
A64: DALLAGE TYPE 20CM | E64: 10.4 | F64: 12.11 | K64: =IF(I64=6,G64*H64*J64,"") | L64: =IF(I64=8,G64*H64*J64,"") | M64: =IF(I64=10,G64*H64*J64,"") | N64: =IF(I64=12,G64*H64*J64,"") | O64: =IF(I64=14,G64*H64*J64,"") | P64: =IF(I64=16,G64*H64*J64,"") | Q64: =IF(I64=20,G64*H64*J64,"") | R64: =IF(I64=25,G64*H64*J64,"") | S64: =IF(I64=32,G64*H64*J64,"")
A65: AX | G65: 2 | H65: =ROUNDUP(E64/0.15,0) | I65: 8 | J65: =10.4 | K65: =IF(I65=6,G65*H65*J65,"") | L65: =IF(I65=8,G65*H65*J65,"") | M65: =IF(I65=10,G65*H65*J65,"") | N65: =IF(I65=12,G65*H65*J65,"") | O65: =IF(I65=14,G65*H65*J65,"") | P65: =IF(I65=16,G65*H65*J65,"") | Q65: =IF(I65=20,G65*H65*J65,"") | R65: =IF(I65=25,G65*H65*J65,"") | S65: =IF(I65=32,G65*H65*J65,"")
A66: AY | G66: 2 | H66: =ROUNDUP(F64/0.15,0) | I66: 8 | J66: =12.11+1 | K66: =IF(I66=6,G66*H66*J66,"") | L66: =IF(I66=8,G66*H66*J66,"") | M66: =IF(I66=10,G66*H66*J66,"") | N66: =IF(I66=12,G66*H66*J66,"") | O66: =IF(I66=14,G66*H66*J66,"") | P66: =IF(I66=16,G66*H66*J66,"") | Q66: =IF(I66=20,G66*H66*J66,"") | R66: =IF(I66=25,G66*H66*J66,"") | S66: =IF(I66=32,G66*H66*J66,"")
A67: total | M67: =SUM(L61:L64)
G68: LONGUEUR TOTALE | K68: =SUM(K61:K64) | L68: =SUM(L61:L64) | M68: =SUM(M61:M64) | N68: =SUM(N61:N64) | O68: =SUM(O61:O64) | P68: =SUM(P61:P64) | Q68: =SUM(Q61:Q64) | R68: =SUM(R61:R64) | S68: =SUM(S61:S64)
G69: POIDS / ML | K69: =6*6/162 | L69: =8*8/162 | M69: =10*10/162 | N69: =12*12/162 | O69: =14*14/162 | P69: =16*16/162 | Q69: =20*20/162 | R69: =25*25/162 | S69: =32*32/162
G70: POIDS PARTIELS | K70: =K69*K68 | L70: =L69*L68 | M70: =M69*M68 | N70: =N69*N68 | O70: =O69*O68 | P70: =P69*P68 | Q70: =Q69*Q68 | R70: =R69*R68 | S70: =S69*S68
G71: POIDS TOTAL (kg) | K71: =SUM(K70:S70)
A72: DETAIL PAR ELEMENT
A73: semelle isolee
A74: repère | B74: axe | C74: fill | D74: A | E74: B | F74: H
A75: S1 | B75: A | C75: 1 | D75: 1 | E75: 1 | F75: 0.25
A76: Armature INF X | G76: 1 | H76: 6 | I76: 12 | J76: =(1.0-0.05)+34*I76/1000 | K76: =IF(I76=6,G76*H76*J76,"") | L76: =IF(I76=8,G76*H76*J76,"") | M76: =IF(I76=10,G76*H76*J76,"") | N76: =IF(I76=12,G76*H76*J76,"") | O76: =IF(I76=14,G76*H76*J76,"") | P76: =IF(I76=16,G76*H76*J76,"") | Q76: =IF(I76=20,G76*H76*J76,"") | R76: =IF(I76=25,G76*H76*J76,"") | S76: =IF(I76=32,G76*H76*J76,"")
A77: Armature INF Y | G77: 1 | H77: 6 | I77: 12 | J77: =(1.0-0.05)+34*I77/1000 | K77: =IF(I77=6,G77*H77*J77,"") | L77: =IF(I77=8,G77*H77*J77,"") | M77: =IF(I77=10,G77*H77*J77,"") | N77: =IF(I77=12,G77*H77*J77,"") | O77: =IF(I77=14,G77*H77*J77,"") | P77: =IF(I77=16,G77*H77*J77,"") | Q77: =IF(I77=20,G77*H77*J77,"") | R77: =IF(I77=25,G77*H77*J77,"") | S77: =IF(I77=32,G77*H77*J77,"")
A78: S4 | B78: A | C78: 2 | D78: 1.5 | E78: 1.5 | F78: 0.4
A79: Armature INF X | G79: 1 | H79: 11 | I79: 12 | J79: =(1.5-0.05)+34*I79/1000 | K79: =IF(I79=6,G79*H79*J79,"") | L79: =IF(I79=8,G79*H79*J79,"") | M79: =IF(I79=10,G79*H79*J79,"") | N79: =IF(I79=12,G79*H79*J79,"") | O79: =IF(I79=14,G79*H79*J79,"") | P79: =IF(I79=16,G79*H79*J79,"") | Q79: =IF(I79=20,G79*H79*J79,"") | R79: =IF(I79=25,G79*H79*J79,"") | S79: =IF(I79=32,G79*H79*J79,"")
A80: Armature INF Y | G80: 1 | H80: 11 | I80: 12 | J80: =(1.5-0.05)+34*I80/1000 | K80: =IF(I80=6,G80*H80*J80,"") | L80: =IF(I80=8,G80*H80*J80,"") | M80: =IF(I80=10,G80*H80*J80,"") | N80: =IF(I80=12,G80*H80*J80,"") | O80: =IF(I80=14,G80*H80*J80,"") | P80: =IF(I80=16,G80*H80*J80,"") | Q80: =IF(I80=20,G80*H80*J80,"") | R80: =IF(I80=25,G80*H80*J80,"") | S80: =IF(I80=32,G80*H80*J80,"")
A81: S4 | B81: A | C81: 4 | D81: 1.5 | E81: 1.5 | F81: 0.4
A82: Armature INF X | G82: 1 | H82: 11 | I82: 12 | J82: =(1.5-0.05)+34*I82/1000 | K82: =IF(I82=6,G82*H82*J82,"") | L82: =IF(I82=8,G82*H82*J82,"") | M82: =IF(I82=10,G82*H82*J82,"") | N82: =IF(I82=12,G82*H82*J82,"") | O82: =IF(I82=14,G82*H82*J82,"") | P82: =IF(I82=16,G82*H82*J82,"") | Q82: =IF(I82=20,G82*H82*J82,"") | R82: =IF(I82=25,G82*H82*J82,"") | S82: =IF(I82=32,G82*H82*J82,"")
A83: Armature INF Y | G83: 1 | H83: 11 | I83: 12 | J83: =(1.5-0.05)+34*I83/1000 | K83: =IF(I83=6,G83*H83*J83,"") | L83: =IF(I83=8,G83*H83*J83,"") | M83: =IF(I83=10,G83*H83*J83,"") | N83: =IF(I83=12,G83*H83*J83,"") | O83: =IF(I83=14,G83*H83*J83,"") | P83: =IF(I83=16,G83*H83*J83,"") | Q83: =IF(I83=20,G83*H83*J83,"") | R83: =IF(I83=25,G83*H83*J83,"") | S83: =IF(I83=32,G83*H83*J83,"")
A84: S2 | B84: A | C84: 5 | D84: 1.1 | E84: 1.1 | F84: 0.25
A85: Armature INF X | G85: 1 | H85: 7 | I85: 12 | J85: =(1.1-0.05)+34*I85/1000 | K85: =IF(I85=6,G85*H85*J85,"") | L85: =IF(I85=8,G85*H85*J85,"") | M85: =IF(I85=10,G85*H85*J85,"") | N85: =IF(I85=12,G85*H85*J85,"") | O85: =IF(I85=14,G85*H85*J85,"") | P85: =IF(I85=16,G85*H85*J85,"") | Q85: =IF(I85=20,G85*H85*J85,"") | R85: =IF(I85=25,G85*H85*J85,"") | S85: =IF(I85=32,G85*H85*J85,"")
A86: Armature INF Y | G86: 1 | H86: 7 | I86: 12 | J86: =(1.1-0.05)+34*I86/1000 | K86: =IF(I86=6,G86*H86*J86,"") | L86: =IF(I86=8,G86*H86*J86,"") | M86: =IF(I86=10,G86*H86*J86,"") | N86: =IF(I86=12,G86*H86*J86,"") | O86: =IF(I86=14,G86*H86*J86,"") | P86: =IF(I86=16,G86*H86*J86,"") | Q86: =IF(I86=20,G86*H86*J86,"") | R86: =IF(I86=25,G86*H86*J86,"") | S86: =IF(I86=32,G86*H86*J86,"")
A87: S3 | B87: A | C87: 6 | D87: 1.2 | E87: 1.2 | F87: 0.3
A88: Armature INF X | G88: 1 | H88: 8 | I88: 12 | J88: =(1.2-0.05)+34*I88/1000 | K88: =IF(I88=6,G88*H88*J88,"") | L88: =IF(I88=8,G88*H88*J88,"") | M88: =IF(I88=10,G88*H88*J88,"") | N88: =IF(I88=12,G88*H88*J88,"") | O88: =IF(I88=14,G88*H88*J88,"") | P88: =IF(I88=16,G88*H88*J88,"") | Q88: =IF(I88=20,G88*H88*J88,"") | R88: =IF(I88=25,G88*H88*J88,"") | S88: =IF(I88=32,G88*H88*J88,"")
A89: Armature INF Y | G89: 1 | H89: 8 | I89: 12 | J89: =(1.2-0.05)+34*I89/1000 | K89: =IF(I89=6,G89*H89*J89,"") | L89: =IF(I89=8,G89*H89*J89,"") | M89: =IF(I89=10,G89*H89*J89,"") | N89: =IF(I89=12,G89*H89*J89,"") | O89: =IF(I89=14,G89*H89*J89,"") | P89: =IF(I89=16,G89*H89*J89,"") | Q89: =IF(I89=20,G89*H89*J89,"") | R89: =IF(I89=25,G89*H89*J89,"") | S89: =IF(I89=32,G89*H89*J89,"")
A90: S3 | B90: A | C90: 7 | D90: 1.2 | E90: 1.2 | F90: 0.3
A91: Armature INF X | G91: 1 | H91: 8 | I91: 12 | J91: =(1.2-0.05)+34*I91/1000 | K91: =IF(I91=6,G91*H91*J91,"") | L91: =IF(I91=8,G91*H91*J91,"") | M91: =IF(I91=10,G91*H91*J91,"") | N91: =IF(I91=12,G91*H91*J91,"") | O91: =IF(I91=14,G91*H91*J91,"") | P91: =IF(I91=16,G91*H91*J91,"") | Q91: =IF(I91=20,G91*H91*J91,"") | R91: =IF(I91=25,G91*H91*J91,"") | S91: =IF(I91=32,G91*H91*J91,"")
A92: Armature INF Y | G92: 1 | H92: 8 | I92: 12 | J92: =(1.2-0.05)+34*I92/1000 | K92: =IF(I92=6,G92*H92*J92,"") | L92: =IF(I92=8,G92*H92*J92,"") | M92: =IF(I92=10,G92*H92*J92,"") | N92: =IF(I92=12,G92*H92*J92,"") | O92: =IF(I92=14,G92*H92*J92,"") | P92: =IF(I92=16,G92*H92*J92,"") | Q92: =IF(I92=20,G92*H92*J92,"") | R92: =IF(I92=25,G92*H92*J92,"") | S92: =IF(I92=32,G92*H92*J92,"")
A93: S3 | B93: A | C93: 8 | D93: 1.2 | E93: 1.2 | F93: 0.3
A94: Armature INF X | G94: 1 | H94: 8 | I94: 12 | J94: =(1.2-0.05)+34*I94/1000 | K94: =IF(I94=6,G94*H94*J94,"") | L94: =IF(I94=8,G94*H94*J94,"") | M94: =IF(I94=10,G94*H94*J94,"") | N94: =IF(I94=12,G94*H94*J94,"") | O94: =IF(I94=14,G94*H94*J94,"") | P94: =IF(I94=16,G94*H94*J94,"") | Q94: =IF(I94=20,G94*H94*J94,"") | R94: =IF(I94=25,G94*H94*J94,"") | S94: =IF(I94=32,G94*H94*J94,"")
A95: Armature INF Y | G95: 1 | H95: 8 | I95: 12 | J95: =(1.2-0.05)+34*I95/1000 | K95: =IF(I95=6,G95*H95*J95,"") | L95: =IF(I95=8,G95*H95*J95,"") | M95: =IF(I95=10,G95*H95*J95,"") | N95: =IF(I95=12,G95*H95*J95,"") | O95: =IF(I95=14,G95*H95*J95,"") | P95: =IF(I95=16,G95*H95*J95,"") | Q95: =IF(I95=20,G95*H95*J95,"") | R95: =IF(I95=25,G95*H95*J95,"") | S95: =IF(I95=32,G95*H95*J95,"")
A96: S5 | B96: B | C96: 5 | D96: 1.5 | E96: 1.5 | F96: 0.4
A97: Armature INF X | G97: 1 | H97: 11 | I97: 12 | J97: =(1.5-0.05)+34*I97/1000 | K97: =IF(I97=6,G97*H97*J97,"") | L97: =IF(I97=8,G97*H97*J97,"") | M97: =IF(I97=10,G97*H97*J97,"") | N97: =IF(I97=12,G97*H97*J97,"") | O97: =IF(I97=14,G97*H97*J97,"") | P97: =IF(I97=16,G97*H97*J97,"") | Q97: =IF(I97=20,G97*H97*J97,"") | R97: =IF(I97=25,G97*H97*J97,"") | S97: =IF(I97=32,G97*H97*J97,"")
A98: Armature INF Y | G98: 1 | H98: 11 | I98: 12 | J98: =(1.5-0.05)+34*I98/1000 | K98: =IF(I98=6,G98*H98*J98,"") | L98: =IF(I98=8,G98*H98*J98,"") | M98: =IF(I98=10,G98*H98*J98,"") | N98: =IF(I98=12,G98*H98*J98,"") | O98: =IF(I98=14,G98*H98*J98,"") | P98: =IF(I98=16,G98*H98*J98,"") | Q98: =IF(I98=20,G98*H98*J98,"") | R98: =IF(I98=25,G98*H98*J98,"") | S98: =IF(I98=32,G98*H98*J98,"")
A99: S4 | B99: C | C99: 6 | D99: 1.5 | E99: 1.5 | F99: 0.4
A100: Armature INF X | G100: 1 | H100: 11 | I100: 12 | J100: =(1.5-0.05)+34*I100/1000 | K100: =IF(I100=6,G100*H100*J100,"") | L100: =IF(I100=8,G100*H100*J100,"") | M100: =IF(I100=10,G100*H100*J100,"") | N100: =IF(I100=12,G100*H100*J100,"") | O100: =IF(I100=14,G100*H100*J100,"") | P100: =IF(I100=16,G100*H100*J100,"") | Q100: =IF(I100=20,G100*H100*J100,"") | R100: =IF(I100=25,G100*H100*J100,"") | S100: =IF(I100=32,G100*H100*J100,"")
A101: Armature INF Y | G101: 1 | H101: 11 | I101: 12 | J101: =(1.5-0.05)+34*I101/1000 | K101: =IF(I101=6,G101*H101*J101,"") | L101: =IF(I101=8,G101*H101*J101,"") | M101: =IF(I101=10,G101*H101*J101,"") | N101: =IF(I101=12,G101*H101*J101,"") | O101: =IF(I101=14,G101*H101*J101,"") | P101: =IF(I101=16,G101*H101*J101,"") | Q101: =IF(I101=20,G101*H101*J101,"") | R101: =IF(I101=25,G101*H101*J101,"") | S101: =IF(I101=32,G101*H101*J101,"")
A102: S4 | B102: C | C102: 7 | D102: 1.5 | E102: 1.5 | F102: 0.4
A103: Armature INF X | G103: 1 | H103: 11 | I103: 12 | J103: =(1.5-0.05)+34*I103/1000 | K103: =IF(I103=6,G103*H103*J103,"") | L103: =IF(I103=8,G103*H103*J103,"") | M103: =IF(I103=10,G103*H103*J103,"") | N103: =IF(I103=12,G103*H103*J103,"") | O103: =IF(I103=14,G103*H103*J103,"") | P103: =IF(I103=16,G103*H103*J103,"") | Q103: =IF(I103=20,G103*H103*J103,"") | R103: =IF(I103=25,G103*H103*J103,"") | S103: =IF(I103=32,G103*H103*J103,"")
...

Sheet Comparaison
A1: Comparaison générée vs métré de référence
A2: Poste | B2: Section | C2: Élément | D2: Champ | E2: Référence | F2: Généré | G2: Écart | H2: Commentaire
A4: 15 | B4: longrines_prop | C4: C /5-6 LG | D4: Longueur | E4: 4.8 | F4: 4.78 | G4: -0.02
A5: 15 | B5: longrines_prop | C5: C /5-6 LG | D5: Qté | E5: 0.192 | F5: 0.191 | G5: -0.001
A6: 15 | B6: longrines_prop | C6: 2 /D-G LG2 | D6: Longueur | E6: 5.77 | F6: 5.05 | G6: -0.72
A7: 15 | B7: longrines_prop | C7: 2 /D-G LG2 | D7: Qté | E7: 0.231 | F7: 0.202 | G7: -0.029
A8: 15 | B8: longrines_prop | C8: 3 /D-G LG2 | D8: Longueur | E8: 5.77 | F8: 5.05 | G8: -0.72
A9: 15 | B9: longrines_prop | C9: 3 /D-G LG2 | D9: Qté | E9: 0.231 | F9: 0.202 | G9: -0.029
A10: 16 | B10: gros_beton | C10: S5 F /5 | D10: LIGNE | E10: absente (réf.) | F10: ajoutée (générée) | H10: présente sur le plan / absente du métré de référence
A11: 16 | B11: gros_beton | C11: S5 E /5 | D11: LIGNE | E11: présente (réf.) | F11: non reproduite | H11: du métré de référence — voir rapport
A12: 20 | B12: semelles_ba | C12: S5 F /5 | D12: largeur | E12: 1.3 | F12: 1.5 | G12: 0.2
A13: 20 | B13: semelles_ba | C13: S5 F /5 | D13: Qté | E13: 0.78 | F13: 0.9 | G13: 0.12
A14: 20 | B14: semelles_ba | C14: S4 G /2 | D14: Hauteur | E14: 0.25 | F14: 0.4 | G14: 0.15
A15: 20 | B15: semelles_ba | C15: S4 G /2 | D15: Qté | E15: 0.562 | F15: 0.9 | G15: 0.338
A16: 20 | B16: longrines_ba | C16: 2 /D-G LG2 | D16: Longueur | E16: 5.77 | F16: 5.05 | G16: -0.72
A17: 20 | B17: longrines_ba | C17: 2 /D-G LG2 | D17: Qté | E17: 0.462 | F17: 0.404 | G17: -0.058
A18: 20 | B18: longrines_ba | C18: 3 /D-G LG2 | D18: Longueur | E18: 5.77 | F18: 5.05 | G18: -0.72
A19: 20 | B19: longrines_ba | C19: 3 /D-G LG2 | D19: Qté | E19: 0.462 | F19: 0.404 | G19: -0.058
A20: 20 | B20: poutres_mezz | C20: N4 5 /F-G N4 | D20: LIGNE | E20: absente (réf.) | F20: ajoutée (générée) | H20: présent sur le plan, absent du métré de référence
A21: 20 | B21: poutres_mezz | C21: N3 6 /A-C N3 | D21: Hauteur | E21: 0.45 | F21: 0.4 | G21: -0.05
A22: 20 | B22: poutres_mezz | C22: N3 6 /A-C N3 | D22: Qté | E22: 0.38 | F22: 0.338 | G22: -0.042
A23: 20 | B23: poutres_mezz | C23: N3 7 /A-C N3 | D23: Hauteur | E23: 0.45 | F23: 0.4 | G23: -0.05
A24: 20 | B24: poutres_mezz | C24: N3 7 /A-C N3 | D24: Qté | E24: 0.38 | F24: 0.338 | G24: -0.042
A25: 20 | B25: poutres_mezz | C25: N3 8 /A-C N3 | D25: LIGNE | E25: absente (réf.) | F25: ajoutée (générée) | H25: axe 8 absent du métré de référence
A26: 20 | B26: poutres_mezz | C26: N1 8 /C-E N1 | D26: LIGNE | E26: absente (réf.) | F26: ajoutée (générée) | H26: axe 8 absent du métré de référence
A27: 20 | B27: poutres_mezz | C27: N3 8 /E-G N3 | D27: LIGNE | E27: absente (réf.) | F27: ajoutée (générée) | H27: axe 8 absent du métré de référence
A28: 20 | B28: poutres_mezz | C28: BN2 C /5-6 BN2 | D28: LIGNE | E28: absente (réf.) | F28: ajoutée (générée) | H28: présente sur le plan / absente du métré de référence
A29: 20 | B29: poutres_mezz | C29: BN2 C /6-7 BN2 | D29: LIGNE | E29: absente (réf.) | F29: ajoutée (générée) | H29: présente sur le plan / absente du métré de référence
A30: 20 | B30: poutres_mezz | C30: BN2 C /7-8 BN2 | D30: LIGNE | E30: absente (réf.) | F30: ajoutée (générée) | H30: présente sur le plan / absente du métré de référence
A31: 20 | B31: poutres_mezz | C31: BN2 E /5-6 BN2 | D31: LIGNE | E31: absente (réf.) | F31: ajoutée (générée) | H31: présente sur le plan / absente du métré de référence
A32: 20 | B32: poutres_mezz | C32: BN2 E /6-7 BN2 | D32: LIGNE | E32: absente (réf.) | F32: ajoutée (générée) | H32: présente sur le plan / absente du métré de référence
A33: 20 | B33: poutres_mezz | C33: BN2 E /7-8 BN2 | D33: LIGNE | E33: absente (réf.) | F33: ajoutée (générée) | H33: présente sur le plan / absente du métré de référence
A34: 20 | B34: poutres_mezz | C34: 7 /A-C N3 | D34: LIGNE | E34: présente (réf.) | F34: non reproduite | H34: du métré de référence — voir rapport
A35: 20 | B35: poutres_mezz | C35: 7 /C-E N1 | D35: LIGNE | E35: présente (réf.) | F35: non reproduite | H35: du métré de référence — voir rapport
A36: 20 | B36: poutres_mezz | C36: 7 /E-G N3 | D36: LIGNE | E36: présente (réf.) | F36: non reproduite | H36: du métré de référence — voir rapport
... A42: 20 | B42: poutres_mezz | C42: E /7-8 BN | D42: LIGNE | E42: présente (réf.) | F42: non reproduite | H42: du métré de référence — voir rapport
A43: 20 | B43: poutres_ph | C43: N1 A /1-2 N1 | D43: Longueur | E43: 5.05 | F43: 2.48 | G43: -2.57 | H43: référence : longueur erronée 5.05 au lieu de 2.48
A44: 20 | B44: poutres_ph | C44: N1 A /1-2 N1 | D44: Hauteur | E44: 0.5 | F44: 0.3 | G44: -0.2 | H44: référence : longueur erronée 5.05 au lieu de 2.48
A45: 20 | B45: poutres_ph | C45: N1 A /1-2 N1 | D45: Qté | E45: 0.505 | F45: 0.149 | G45: -0.356 | H45: référence : longueur erronée 5.05 au lieu de 2.48
A46: 20 | B46: poutres_ph | C46: N1 A /6-7 N1 | D46: Longueur | E46: 0.65 | F46: 2.65 | G46: 2 | H46: référence : longueur 0.65 au lieu de 2.65
A47: 20 | B47: poutres_ph | C47: N1 A /6-7 N1 | D47: Qté | E47: 0.039 | F47: 0.159 | G47: 0.12 | H47: référence : longueur 0.65 au lieu de 2.65
A48: 20 | B48: poutres_ph | C48: N1 G /6-7 N1 | D48: Longueur | E48: 0.65 | F48: 2.65 | G48: 2 | H48: référence : longueur 0.65 au lieu de 2.65
A49: 20 | B49: poutres_ph | C49: N1 G /6-7 N1 | D49: Qté | E49: 0.039 | F49: 0.159 | G49: 0.12 | H49: référence : longueur 0.65 au lieu de 2.65
A50: 20 | B50: poutres_ph | C50: N5 1 /A-D N5 | D50: N | E50: 1 | F50: 2 | G50: 1 | H50: callout '25+5 jumelée' sur le plan ; métré référence compte N=1
A51: 20 | B51: poutres_ph | C51: N5 1 /A-D N5 | D51: Qté | E51: 0.504 | F51: 1.008 | G51: 0.504 | H51: callout '25+5 jumelée' sur le plan ; métré référence compte N=1
A52: 20 | B52: poutres_ph | C52: N5 1 /D-G N5 | D52: N | E52: 1 | F52: 2 | G52: 1 | H52: callout '25+5 jumelée' sur le plan ; métré référence compte N=1
A53: 20 | B53: poutres_ph | C53: N5 1 /D-G N5 | D53: Qté | E53: 0.505 | F53: 1.01 | G53: 0.505 | H53: callout '25+5 jumelée' sur le plan ; métré référence compte N=1
A54: 20 | B54: poutres_ph | C54: + 3 /A-G + | D54: LIGNE | E54: absente (réf.) | F54: ajoutée (générée) | H54: second élément du N7 en T
A55: 20 | B55: poutres_ph | C55: N3 6 /A-C N3 | D55: LIGNE | E55: absente (réf.) | F55: ajoutée (générée) | H55: référence : N4 A-B / N3 B-E / N4 E-G (différent du plan)
A56: 20 | B56: poutres_ph | C56: N1 6 /C-E N1 | D56: LIGNE | E56: absente (réf.) | F56: ajoutée (générée) | H56: référence : N3 B-E
A57: 20 | B57: poutres_ph | C57: N3 6 /E-G N3 | D57: LIGNE | E57: absente (réf.) | F57: ajoutée (générée) | H57: référence : N4 E-G
A58: 20 | B58: poutres_ph | C58: N3 7 /A-C N3 | D58: LIGNE | E58: absente (réf.) | F58: ajoutée (générée) | H58: référence : N4 A-B / N3 B-E / N4 E-G (différent du plan)
A59: 20 | B59: poutres_ph | C59: N1 7 /C-E N1 | D59: LIGNE | E59: absente (réf.) | F59: ajoutée (générée) | H59: référence : N3 B-E
A60: 20 | B60: poutres_ph | C60: N3 7 /E-G N3 | D60: LIGNE | E60: absente (réf.) | F60: ajoutée (générée) | H60: référence : N4 E-G
A61: 20 | B61: poutres_ph | C61: N3 8 /A-C N3 | D61: LIGNE | E61: absente (réf.) | F61: ajoutée (générée) | H61: référence : N4 A-B / N3 B-E / N4 E-G (différent du plan)
A62: 20 | B62: poutres_ph | C62: N1 8 /C-E N1 | D62: LIGNE | E62: absente (réf.) | F62: ajoutée (générée) | H62: référence : N3 B-E
A63: 20 | B63: poutres_ph | C63: N3 8 /E-G N3 | D63: LIGNE | E63: absente (réf.) | F63: ajoutée (générée) | H63: référence : N4 E-G
A64: 20 | B64: poutres_ph | C64: BN1 D /1-3 BN1 | D64: LIGNE | E64: absente (réf.) | F64: ajoutée (générée) | H64: BN1 30x30 sur le plan ; référence comptée en 0.20x0.20
A65: 20 | B65: poutres_ph | C65: BN1 D /3-5 BN1 | D65: LIGNE | E65: absente (réf.) | F65: ajoutée (générée) | H65: BN1 30x30 sur le plan ; référence comptée en 0.20x0.20
... A89: 20 | B89: poutres_ph | C89: E /7-8 BN | D89: LIGNE | E89: présente (réf.) | F89: non reproduite | H89: du métré de référence — voir rapport
A90: 19 | B90: forme | C90: A-G /5-8 | D90: largeur | E90: 10.81 | F90: 10.09 | G90: -0.72
A91: 19 | B91: forme | C91: A-G /5-8 | D91: Qté | E91: 16.906 | F91: 15.78 | G91: -1.126
A92: 19 | B92: forme | C92: A-G /1-5 | D92: Longueur | E92: 12.05 | F92: 12.11 | G92: 0.06
A93: 19 | B93: forme | C93: A-G /1-5 | D93: largeur | E93: 10.81 | F93: 10.09 | G93: -0.72
A94: 19 | B94: forme | C94: A-G /1-5 | D94: Qté | E94: 26.052 | F94: 24.438 | G94: -1.614
A96: Totaux par poste (m³ / unités)
A97: Poste | E97: Référence | F97: Généré | G97: Écart
A98: 15 | E98: — | F98: 7.89
A99: 16 | E99: — | F99: 23.84
A100: 17 | E100: — | F100: 37.79
A101: 19 | E101: — | F101: 40.22
A102: 20 | E102: 0.38 | F102: 70.11 | G102: 69.74
A103: 3 | E103: — | F103: 222.85
A104: 7 | E104: — | F104: 162.97
