Workbook

Sheet 01_Detail_Quantitatif
A1: DÉTAIL QUANTITATIF ESTIMATIF — GROS ŒUVRES
A2: N° Marché : | D2: Projet : | E2: Projet extrait | H2: Bâtiment :
A3: Date : | D3: Établi par : | H3: Vérifié par :
A5: DÉTAIL QUANTITATIF — FONDATIONS & ÉLÉVATION
A6: N° | B6: Axe | C6: File | D6: Désignation des Ouvrages | E6: U | F6: N | G6: Longueur (m) | H6: Largeur (m) | I6: Hauteur (m) | J6: Qté Partielle | K6: Qté Totale
A7: 1 | D7: Terrassement en fouilles
B8: Axe | C8: File
B9: A | C9: 5 | D9: Fouille Semelle S2 | E9: M3 | F9: 1 | G9: 1.3 | H9: 1.3 | I9: 1.2 | J9: =IF(COUNTA(G9:I9)>0,F9*PRODUCT(G9:I9),F9)
B10: A | C10: 8 | D10: Fouille Semelle S3 | E10: M3 | F10: 1 | G10: 1.4 | H10: 1.4 | I10: 1.2 | J10: =IF(COUNTA(G10:I10)>0,F10*PRODUCT(G10:I10),F10)
B11: G | C11: 8 | D11: Fouille Semelle S3 | E11: M3 | F11: 1 | G11: 1.4 | H11: 1.4 | I11: 1.2 | J11: =IF(COUNTA(G11:I11)>0,F11*PRODUCT(G11:I11),F11)
B12: G | C12: 7 | D12: Fouille Semelle S3 | E12: M3 | F12: 1 | G12: 1.4 | H12: 1.4 | I12: 1.2 | J12: =IF(COUNTA(G12:I12)>0,F12*PRODUCT(G12:I12),F12)
B13: G | C13: 6 | D13: Fouille Semelle S3 | E13: M3 | F13: 1 | G13: 1.4 | H13: 1.4 | I13: 1.2 | J13: =IF(COUNTA(G13:I13)>0,F13*PRODUCT(G13:I13),F13)
B14: A | C14: 7 | D14: Fouille Semelle S3 | E14: M3 | F14: 1 | G14: 1.4 | H14: 1.4 | I14: 1.2 | J14: =IF(COUNTA(G14:I14)>0,F14*PRODUCT(G14:I14),F14)
B15: A | C15: 6 | D15: Fouille Semelle S3 | E15: M3 | F15: 1 | G15: 1.4 | H15: 1.4 | I15: 1.2 | J15: =IF(COUNTA(G15:I15)>0,F15*PRODUCT(G15:I15),F15)
B16: D | C16: 7 | D16: Fouille Semelle S4 | E16: M3 | F16: 1 | G16: 1.7 | H16: 1.7 | I16: 1.2 | J16: =IF(COUNTA(G16:I16)>0,F16*PRODUCT(G16:I16),F16)
B17: D | C17: 8 | D17: Fouille Semelle S3 | E17: M3 | F17: 1 | G17: 1.4 | H17: 1.4 | I17: 1.2 | J17: =IF(COUNTA(G17:I17)>0,F17*PRODUCT(G17:I17),F17)
B18: B | C18: 8 | D18: Fouille Semelle S3 | E18: M3 | F18: 1 | G18: 1.4 | H18: 1.4 | I18: 1.2 | J18: =IF(COUNTA(G18:I18)>0,F18*PRODUCT(G18:I18),F18)
B19: G | C19: 1 | D19: Fouille Semelle S1 | E19: M3 | F19: 1 | G19: 1.2 | H19: 1.2 | I19: 1.2 | J19: =IF(COUNTA(G19:I19)>0,F19*PRODUCT(G19:I19),F19)
B20: A | C20: 1 | D20: Fouille Semelle S1 | E20: M3 | F20: 1 | G20: 1.2 | H20: 1.2 | I20: 1.2 | J20: =IF(COUNTA(G20:I20)>0,F20*PRODUCT(G20:I20),F20)
... B31: G | C31: 5 | D31: Fouille Semelle S5 | E31: M3 | F31: 1 | G31: 1.7 | H31: 1.7 | I31: 1.2 | J31: =IF(COUNTA(G31:I31)>0,F31*PRODUCT(G31:I31),F31)
A32: Ss-total | J32: =SUM(J9:J31) | K32: =SUM(J9:J31)
A33: 2 | D33: Béton de propreté dosé à 150 kg/m³
B34: Axe | C34: File
B35: A | C35: 5 | D35: BP Semelle S2 | E35: M3 | F35: 1 | G35: 1.2 | H35: 1.2 | I35: 0.1 | J35: =IF(COUNTA(G35:I35)>0,F35*PRODUCT(G35:I35),F35)
B36: A | C36: 8 | D36: BP Semelle S3 | E36: M3 | F36: 1 | G36: 1.3 | H36: 1.3 | I36: 0.1 | J36: =IF(COUNTA(G36:I36)>0,F36*PRODUCT(G36:I36),F36)
B37: G | C37: 8 | D37: BP Semelle S3 | E37: M3 | F37: 1 | G37: 1.3 | H37: 1.3 | I37: 0.1 | J37: =IF(COUNTA(G37:I37)>0,F37*PRODUCT(G37:I37),F37)
B38: G | C38: 7 | D38: BP Semelle S3 | E38: M3 | F38: 1 | G38: 1.3 | H38: 1.3 | I38: 0.1 | J38: =IF(COUNTA(G38:I38)>0,F38*PRODUCT(G38:I38),F38)
B39: G | C39: 6 | D39: BP Semelle S3 | E39: M3 | F39: 1 | G39: 1.3 | H39: 1.3 | I39: 0.1 | J39: =IF(COUNTA(G39:I39)>0,F39*PRODUCT(G39:I39),F39)
B40: A | C40: 7 | D40: BP Semelle S3 | E40: M3 | F40: 1 | G40: 1.3 | H40: 1.3 | I40: 0.1 | J40: =IF(COUNTA(G40:I40)>0,F40*PRODUCT(G40:I40),F40)
B41: A | C41: 6 | D41: BP Semelle S3 | E41: M3 | F41: 1 | G41: 1.3 | H41: 1.3 | I41: 0.1 | J41: =IF(COUNTA(G41:I41)>0,F41*PRODUCT(G41:I41),F41)
B42: D | C42: 7 | D42: BP Semelle S4 | E42: M3 | F42: 1 | G42: 1.6 | H42: 1.6 | I42: 0.1 | J42: =IF(COUNTA(G42:I42)>0,F42*PRODUCT(G42:I42),F42)
B43: D | C43: 8 | D43: BP Semelle S3 | E43: M3 | F43: 1 | G43: 1.3 | H43: 1.3 | I43: 0.1 | J43: =IF(COUNTA(G43:I43)>0,F43*PRODUCT(G43:I43),F43)
B44: B | C44: 8 | D44: BP Semelle S3 | E44: M3 | F44: 1 | G44: 1.3 | H44: 1.3 | I44: 0.1 | J44: =IF(COUNTA(G44:I44)>0,F44*PRODUCT(G44:I44),F44)
B45: G | C45: 1 | D45: BP Semelle S1 | E45: M3 | F45: 1 | G45: 1.1 | H45: 1.1 | I45: 0.1 | J45: =IF(COUNTA(G45:I45)>0,F45*PRODUCT(G45:I45),F45)
B46: A | C46: 1 | D46: BP Semelle S1 | E46: M3 | F46: 1 | G46: 1.1 | H46: 1.1 | I46: 0.1 | J46: =IF(COUNTA(G46:I46)>0,F46*PRODUCT(G46:I46),F46)
... B57: G | C57: 5 | D57: BP Semelle S5 | E57: M3 | F57: 1 | G57: 1.6 | H57: 1.6 | I57: 0.1 | J57: =IF(COUNTA(G57:I57)>0,F57*PRODUCT(G57:I57),F57)
A58: Ss-total | J58: =SUM(J35:J57) | K58: =SUM(J35:J57)
A59: 3 | D59: Béton armé en fondation dosé à 350 kg/m³
B60: Axe | C60: File
B61: A | C61: 5 | D61: Semelle S2 | E61: M3 | F61: 1 | G61: 1.1 | H61: 1.1 | I61: 0.25 | J61: =IF(COUNTA(G61:I61)>0,F61*PRODUCT(G61:I61),F61)
B62: A | C62: 8 | D62: Semelle S3 | E62: M3 | F62: 1 | G62: 1.2 | H62: 1.2 | I62: 0.3 | J62: =IF(COUNTA(G62:I62)>0,F62*PRODUCT(G62:I62),F62)
B63: G | C63: 8 | D63: Semelle S3 | E63: M3 | F63: 1 | G63: 1.2 | H63: 1.2 | I63: 0.3 | J63: =IF(COUNTA(G63:I63)>0,F63*PRODUCT(G63:I63),F63)
B64: G | C64: 7 | D64: Semelle S3 | E64: M3 | F64: 1 | G64: 1.2 | H64: 1.2 | I64: 0.3 | J64: =IF(COUNTA(G64:I64)>0,F64*PRODUCT(G64:I64),F64)
B65: G | C65: 6 | D65: Semelle S3 | E65: M3 | F65: 1 | G65: 1.2 | H65: 1.2 | I65: 0.3 | J65: =IF(COUNTA(G65:I65)>0,F65*PRODUCT(G65:I65),F65)
B66: A | C66: 7 | D66: Semelle S3 | E66: M3 | F66: 1 | G66: 1.2 | H66: 1.2 | I66: 0.3 | J66: =IF(COUNTA(G66:I66)>0,F66*PRODUCT(G66:I66),F66)
B67: A | C67: 6 | D67: Semelle S3 | E67: M3 | F67: 1 | G67: 1.2 | H67: 1.2 | I67: 0.3 | J67: =IF(COUNTA(G67:I67)>0,F67*PRODUCT(G67:I67),F67)
B68: D | C68: 7 | D68: Semelle S4 | E68: M3 | F68: 1 | G68: 1.5 | H68: 1.5 | I68: 0.4 | J68: =IF(COUNTA(G68:I68)>0,F68*PRODUCT(G68:I68),F68)
B69: D | C69: 8 | D69: Semelle S3 | E69: M3 | F69: 1 | G69: 1.2 | H69: 1.2 | I69: 0.3 | J69: =IF(COUNTA(G69:I69)>0,F69*PRODUCT(G69:I69),F69)
B70: B | C70: 8 | D70: Semelle S3 | E70: M3 | F70: 1 | G70: 1.2 | H70: 1.2 | I70: 0.3 | J70: =IF(COUNTA(G70:I70)>0,F70*PRODUCT(G70:I70),F70)
B71: G | C71: 1 | D71: Semelle S1 | E71: M3 | F71: 1 | G71: 1 | H71: 1 | I71: 0.25 | J71: =IF(COUNTA(G71:I71)>0,F71*PRODUCT(G71:I71),F71)
B72: A | C72: 1 | D72: Semelle S1 | E72: M3 | F72: 1 | G72: 1 | H72: 1 | I72: 0.25 | J72: =IF(COUNTA(G72:I72)>0,F72*PRODUCT(G72:I72),F72)
... B83: G | C83: 5 | D83: Semelle S5 | E83: M3 | F83: 1 | G83: 1.5 | H83: 1.5 | I83: 0.4 | J83: =IF(COUNTA(G83:I83)>0,F83*PRODUCT(G83:I83),F83)
A84: Ss-total | J84: =SUM(J61:J83) | K84: =SUM(J61:J83)
A85: 4 | D85: Béton pour fûts de poteaux en fondation
B86: Axe | C86: File
D87: Fût P1 | E87: M3 | F87: 1 | G87: 0.25 | H87: 0.35 | I87: 3 | J87: =IF(COUNTA(G87:I87)>0,F87*PRODUCT(G87:I87),F87)
D88: Fût P2 | E88: M3 | F88: 1 | G88: 0.4 | H88: 0.4 | I88: 3 | J88: =IF(COUNTA(G88:I88)>0,F88*PRODUCT(G88:I88),F88)
D89: Fût P3 | E89: M3 | F89: 1 | G89: 0.3 | H89: 0.3 | I89: 3 | J89: =IF(COUNTA(G89:I89)>0,F89*PRODUCT(G89:I89),F89)
D90: Fût P4 | E90: M3 | F90: 1 | G90: 0.35 | H90: 0.35 | I90: 3 | J90: =IF(COUNTA(G90:I90)>0,F90*PRODUCT(G90:I90),F90)
A91: Ss-total | J91: =SUM(J87:J90) | K91: =SUM(J87:J90)
A92: TOTAL GÉNÉRAL | J92: =J32+J58+J84+J91 | K92: =K32+K58+K84+K91

Sheet 02_Armatures
A1: NOMENCLATURE ET DÉCORTICAGE DÉTAILLÉ DES ARMATURES
A2: Projet : | K2: Date : | O2: Indice :
A3: Repère / Ouvrage | B3: Axe | C3: File | D3: a (m) | E3: b (m) | F3: h (m) | G3: N° ELE | H3: NOMB B | I3: DIAM | J3: LONG (m) | K3: T6 | L3: T8 | M3: T10 | N3: T12 | O3: T14 | P3: T16 | Q3: T20 | R3: T25 | S3: T32
A4: S2 | B4: A | C4: 5 | D4: 1.1 | E4: 1.1 | F4: 0.25 | K4: =IF($I4=6,$G4*$H4*$J4,"") | L4: =IF($I4=8,$G4*$H4*$J4,"") | M4: =IF($I4=10,$G4*$H4*$J4,"") | N4: =IF($I4=12,$G4*$H4*$J4,"") | O4: =IF($I4=14,$G4*$H4*$J4,"") | P4: =IF($I4=16,$G4*$H4*$J4,"") | Q4: =IF($I4=20,$G4*$H4*$J4,"") | R4: =IF($I4=25,$G4*$H4*$J4,"") | S4: =IF($I4=32,$G4*$H4*$J4,"")
A5: Armature INF X | G5: 1 | H5: 7 | I5: 12 | J5: =(E4-0.05)+34*I5/1000 | K5: =IF($I5=6,$G5*$H5*$J5,"") | L5: =IF($I5=8,$G5*$H5*$J5,"") | M5: =IF($I5=10,$G5*$H5*$J5,"") | N5: =IF($I5=12,$G5*$H5*$J5,"") | O5: =IF($I5=14,$G5*$H5*$J5,"") | P5: =IF($I5=16,$G5*$H5*$J5,"") | Q5: =IF($I5=20,$G5*$H5*$J5,"") | R5: =IF($I5=25,$G5*$H5*$J5,"") | S5: =IF($I5=32,$G5*$H5*$J5,"")
A6: Armature INF Y | G6: 1 | H6: 7 | I6: 12 | J6: =(D4-0.05)+34*I6/1000 | K6: =IF($I6=6,$G6*$H6*$J6,"") | L6: =IF($I6=8,$G6*$H6*$J6,"") | M6: =IF($I6=10,$G6*$H6*$J6,"") | N6: =IF($I6=12,$G6*$H6*$J6,"") | O6: =IF($I6=14,$G6*$H6*$J6,"") | P6: =IF($I6=16,$G6*$H6*$J6,"") | Q6: =IF($I6=20,$G6*$H6*$J6,"") | R6: =IF($I6=25,$G6*$H6*$J6,"") | S6: =IF($I6=32,$G6*$H6*$J6,"")
A7: S3 | B7: A | C7: 8 | D7: 1.2 | E7: 1.2 | F7: 0.3 | K7: =IF($I7=6,$G7*$H7*$J7,"") | L7: =IF($I7=8,$G7*$H7*$J7,"") | M7: =IF($I7=10,$G7*$H7*$J7,"") | N7: =IF($I7=12,$G7*$H7*$J7,"") | O7: =IF($I7=14,$G7*$H7*$J7,"") | P7: =IF($I7=16,$G7*$H7*$J7,"") | Q7: =IF($I7=20,$G7*$H7*$J7,"") | R7: =IF($I7=25,$G7*$H7*$J7,"") | S7: =IF($I7=32,$G7*$H7*$J7,"")
A8: Armature INF X | G8: 1 | H8: 8 | I8: 12 | J8: =(E7-0.05)+34*I8/1000 | K8: =IF($I8=6,$G8*$H8*$J8,"") | L8: =IF($I8=8,$G8*$H8*$J8,"") | M8: =IF($I8=10,$G8*$H8*$J8,"") | N8: =IF($I8=12,$G8*$H8*$J8,"") | O8: =IF($I8=14,$G8*$H8*$J8,"") | P8: =IF($I8=16,$G8*$H8*$J8,"") | Q8: =IF($I8=20,$G8*$H8*$J8,"") | R8: =IF($I8=25,$G8*$H8*$J8,"") | S8: =IF($I8=32,$G8*$H8*$J8,"")
A9: Armature INF Y | G9: 1 | H9: 8 | I9: 12 | J9: =(D7-0.05)+34*I9/1000 | K9: =IF($I9=6,$G9*$H9*$J9,"") | L9: =IF($I9=8,$G9*$H9*$J9,"") | M9: =IF($I9=10,$G9*$H9*$J9,"") | N9: =IF($I9=12,$G9*$H9*$J9,"") | O9: =IF($I9=14,$G9*$H9*$J9,"") | P9: =IF($I9=16,$G9*$H9*$J9,"") | Q9: =IF($I9=20,$G9*$H9*$J9,"") | R9: =IF($I9=25,$G9*$H9*$J9,"") | S9: =IF($I9=32,$G9*$H9*$J9,"")
A10: S3 | B10: G | C10: 8 | D10: 1.2 | E10: 1.2 | F10: 0.3 | K10: =IF($I10=6,$G10*$H10*$J10,"") | L10: =IF($I10=8,$G10*$H10*$J10,"") | M10: =IF($I10=10,$G10*$H10*$J10,"") | N10: =IF($I10=12,$G10*$H10*$J10,"") | O10: =IF($I10=14,$G10*$H10*$J10,"") | P10: =IF($I10=16,$G10*$H10*$J10,"") | Q10: =IF($I10=20,$G10*$H10*$J10,"") | R10: =IF($I10=25,$G10*$H10*$J10,"") | S10: =IF($I10=32,$G10*$H10*$J10,"")
A11: Armature INF X | G11: 1 | H11: 8 | I11: 12 | J11: =(E10-0.05)+34*I11/1000 | K11: =IF($I11=6,$G11*$H11*$J11,"") | L11: =IF($I11=8,$G11*$H11*$J11,"") | M11: =IF($I11=10,$G11*$H11*$J11,"") | N11: =IF($I11=12,$G11*$H11*$J11,"") | O11: =IF($I11=14,$G11*$H11*$J11,"") | P11: =IF($I11=16,$G11*$H11*$J11,"") | Q11: =IF($I11=20,$G11*$H11*$J11,"") | R11: =IF($I11=25,$G11*$H11*$J11,"") | S11: =IF($I11=32,$G11*$H11*$J11,"")
A12: Armature INF Y | G12: 1 | H12: 8 | I12: 12 | J12: =(D10-0.05)+34*I12/1000 | K12: =IF($I12=6,$G12*$H12*$J12,"") | L12: =IF($I12=8,$G12*$H12*$J12,"") | M12: =IF($I12=10,$G12*$H12*$J12,"") | N12: =IF($I12=12,$G12*$H12*$J12,"") | O12: =IF($I12=14,$G12*$H12*$J12,"") | P12: =IF($I12=16,$G12*$H12*$J12,"") | Q12: =IF($I12=20,$G12*$H12*$J12,"") | R12: =IF($I12=25,$G12*$H12*$J12,"") | S12: =IF($I12=32,$G12*$H12*$J12,"")
A13: S3 | B13: G | C13: 7 | D13: 1.2 | E13: 1.2 | F13: 0.3 | K13: =IF($I13=6,$G13*$H13*$J13,"") | L13: =IF($I13=8,$G13*$H13*$J13,"") | M13: =IF($I13=10,$G13*$H13*$J13,"") | N13: =IF($I13=12,$G13*$H13*$J13,"") | O13: =IF($I13=14,$G13*$H13*$J13,"") | P13: =IF($I13=16,$G13*$H13*$J13,"") | Q13: =IF($I13=20,$G13*$H13*$J13,"") | R13: =IF($I13=25,$G13*$H13*$J13,"") | S13: =IF($I13=32,$G13*$H13*$J13,"")
A14: Armature INF X | G14: 1 | H14: 8 | I14: 12 | J14: =(E13-0.05)+34*I14/1000 | K14: =IF($I14=6,$G14*$H14*$J14,"") | L14: =IF($I14=8,$G14*$H14*$J14,"") | M14: =IF($I14=10,$G14*$H14*$J14,"") | N14: =IF($I14=12,$G14*$H14*$J14,"") | O14: =IF($I14=14,$G14*$H14*$J14,"") | P14: =IF($I14=16,$G14*$H14*$J14,"") | Q14: =IF($I14=20,$G14*$H14*$J14,"") | R14: =IF($I14=25,$G14*$H14*$J14,"") | S14: =IF($I14=32,$G14*$H14*$J14,"")
A15: Armature INF Y | G15: 1 | H15: 8 | I15: 12 | J15: =(D13-0.05)+34*I15/1000 | K15: =IF($I15=6,$G15*$H15*$J15,"") | L15: =IF($I15=8,$G15*$H15*$J15,"") | M15: =IF($I15=10,$G15*$H15*$J15,"") | N15: =IF($I15=12,$G15*$H15*$J15,"") | O15: =IF($I15=14,$G15*$H15*$J15,"") | P15: =IF($I15=16,$G15*$H15*$J15,"") | Q15: =IF($I15=20,$G15*$H15*$J15,"") | R15: =IF($I15=25,$G15*$H15*$J15,"") | S15: =IF($I15=32,$G15*$H15*$J15,"")
A16: S3 | B16: G | C16: 6 | D16: 1.2 | E16: 1.2 | F16: 0.3 | K16: =IF($I16=6,$G16*$H16*$J16,"") | L16: =IF($I16=8,$G16*$H16*$J16,"") | M16: =IF($I16=10,$G16*$H16*$J16,"") | N16: =IF($I16=12,$G16*$H16*$J16,"") | O16: =IF($I16=14,$G16*$H16*$J16,"") | P16: =IF($I16=16,$G16*$H16*$J16,"") | Q16: =IF($I16=20,$G16*$H16*$J16,"") | R16: =IF($I16=25,$G16*$H16*$J16,"") | S16: =IF($I16=32,$G16*$H16*$J16,"")
A17: Armature INF X | G17: 1 | H17: 8 | I17: 12 | J17: =(E16-0.05)+34*I17/1000 | K17: =IF($I17=6,$G17*$H17*$J17,"") | L17: =IF($I17=8,$G17*$H17*$J17,"") | M17: =IF($I17=10,$G17*$H17*$J17,"") | N17: =IF($I17=12,$G17*$H17*$J17,"") | O17: =IF($I17=14,$G17*$H17*$J17,"") | P17: =IF($I17=16,$G17*$H17*$J17,"") | Q17: =IF($I17=20,$G17*$H17*$J17,"") | R17: =IF($I17=25,$G17*$H17*$J17,"") | S17: =IF($I17=32,$G17*$H17*$J17,"")
A18: Armature INF Y | G18: 1 | H18: 8 | I18: 12 | J18: =(D16-0.05)+34*I18/1000 | K18: =IF($I18=6,$G18*$H18*$J18,"") | L18: =IF($I18=8,$G18*$H18*$J18,"") | M18: =IF($I18=10,$G18*$H18*$J18,"") | N18: =IF($I18=12,$G18*$H18*$J18,"") | O18: =IF($I18=14,$G18*$H18*$J18,"") | P18: =IF($I18=16,$G18*$H18*$J18,"") | Q18: =IF($I18=20,$G18*$H18*$J18,"") | R18: =IF($I18=25,$G18*$H18*$J18,"") | S18: =IF($I18=32,$G18*$H18*$J18,"")
A19: S3 | B19: A | C19: 7 | D19: 1.2 | E19: 1.2 | F19: 0.3 | K19: =IF($I19=6,$G19*$H19*$J19,"") | L19: =IF($I19=8,$G19*$H19*$J19,"") | M19: =IF($I19=10,$G19*$H19*$J19,"") | N19: =IF($I19=12,$G19*$H19*$J19,"") | O19: =IF($I19=14,$G19*$H19*$J19,"") | P19: =IF($I19=16,$G19*$H19*$J19,"") | Q19: =IF($I19=20,$G19*$H19*$J19,"") | R19: =IF($I19=25,$G19*$H19*$J19,"") | S19: =IF($I19=32,$G19*$H19*$J19,"")
A20: Armature INF X | G20: 1 | H20: 8 | I20: 12 | J20: =(E19-0.05)+34*I20/1000 | K20: =IF($I20=6,$G20*$H20*$J20,"") | L20: =IF($I20=8,$G20*$H20*$J20,"") | M20: =IF($I20=10,$G20*$H20*$J20,"") | N20: =IF($I20=12,$G20*$H20*$J20,"") | O20: =IF($I20=14,$G20*$H20*$J20,"") | P20: =IF($I20=16,$G20*$H20*$J20,"") | Q20: =IF($I20=20,$G20*$H20*$J20,"") | R20: =IF($I20=25,$G20*$H20*$J20,"") | S20: =IF($I20=32,$G20*$H20*$J20,"")
A21: Armature INF Y | G21: 1 | H21: 8 | I21: 12 | J21: =(D19-0.05)+34*I21/1000 | K21: =IF($I21=6,$G21*$H21*$J21,"") | L21: =IF($I21=8,$G21*$H21*$J21,"") | M21: =IF($I21=10,$G21*$H21*$J21,"") | N21: =IF($I21=12,$G21*$H21*$J21,"") | O21: =IF($I21=14,$G21*$H21*$J21,"") | P21: =IF($I21=16,$G21*$H21*$J21,"") | Q21: =IF($I21=20,$G21*$H21*$J21,"") | R21: =IF($I21=25,$G21*$H21*$J21,"") | S21: =IF($I21=32,$G21*$H21*$J21,"")
A22: S3 | B22: A | C22: 6 | D22: 1.2 | E22: 1.2 | F22: 0.3 | K22: =IF($I22=6,$G22*$H22*$J22,"") | L22: =IF($I22=8,$G22*$H22*$J22,"") | M22: =IF($I22=10,$G22*$H22*$J22,"") | N22: =IF($I22=12,$G22*$H22*$J22,"") | O22: =IF($I22=14,$G22*$H22*$J22,"") | P22: =IF($I22=16,$G22*$H22*$J22,"") | Q22: =IF($I22=20,$G22*$H22*$J22,"") | R22: =IF($I22=25,$G22*$H22*$J22,"") | S22: =IF($I22=32,$G22*$H22*$J22,"")
A23: Armature INF X | G23: 1 | H23: 8 | I23: 12 | J23: =(E22-0.05)+34*I23/1000 | K23: =IF($I23=6,$G23*$H23*$J23,"") | L23: =IF($I23=8,$G23*$H23*$J23,"") | M23: =IF($I23=10,$G23*$H23*$J23,"") | N23: =IF($I23=12,$G23*$H23*$J23,"") | O23: =IF($I23=14,$G23*$H23*$J23,"") | P23: =IF($I23=16,$G23*$H23*$J23,"") | Q23: =IF($I23=20,$G23*$H23*$J23,"") | R23: =IF($I23=25,$G23*$H23*$J23,"") | S23: =IF($I23=32,$G23*$H23*$J23,"")
A24: Armature INF Y | G24: 1 | H24: 8 | I24: 12 | J24: =(D22-0.05)+34*I24/1000 | K24: =IF($I24=6,$G24*$H24*$J24,"") | L24: =IF($I24=8,$G24*$H24*$J24,"") | M24: =IF($I24=10,$G24*$H24*$J24,"") | N24: =IF($I24=12,$G24*$H24*$J24,"") | O24: =IF($I24=14,$G24*$H24*$J24,"") | P24: =IF($I24=16,$G24*$H24*$J24,"") | Q24: =IF($I24=20,$G24*$H24*$J24,"") | R24: =IF($I24=25,$G24*$H24*$J24,"") | S24: =IF($I24=32,$G24*$H24*$J24,"")
A25: S4 | B25: D | C25: 7 | D25: 1.5 | E25: 1.5 | F25: 0.4 | K25: =IF($I25=6,$G25*$H25*$J25,"") | L25: =IF($I25=8,$G25*$H25*$J25,"") | M25: =IF($I25=10,$G25*$H25*$J25,"") | N25: =IF($I25=12,$G25*$H25*$J25,"") | O25: =IF($I25=14,$G25*$H25*$J25,"") | P25: =IF($I25=16,$G25*$H25*$J25,"") | Q25: =IF($I25=20,$G25*$H25*$J25,"") | R25: =IF($I25=25,$G25*$H25*$J25,"") | S25: =IF($I25=32,$G25*$H25*$J25,"")
A26: Armature INF X | G26: 1 | H26: 11 | I26: 12 | J26: =(E25-0.05)+34*I26/1000 | K26: =IF($I26=6,$G26*$H26*$J26,"") | L26: =IF($I26=8,$G26*$H26*$J26,"") | M26: =IF($I26=10,$G26*$H26*$J26,"") | N26: =IF($I26=12,$G26*$H26*$J26,"") | O26: =IF($I26=14,$G26*$H26*$J26,"") | P26: =IF($I26=16,$G26*$H26*$J26,"") | Q26: =IF($I26=20,$G26*$H26*$J26,"") | R26: =IF($I26=25,$G26*$H26*$J26,"") | S26: =IF($I26=32,$G26*$H26*$J26,"")
A27: Armature INF Y | G27: 1 | H27: 11 | I27: 12 | J27: =(D25-0.05)+34*I27/1000 | K27: =IF($I27=6,$G27*$H27*$J27,"") | L27: =IF($I27=8,$G27*$H27*$J27,"") | M27: =IF($I27=10,$G27*$H27*$J27,"") | N27: =IF($I27=12,$G27*$H27*$J27,"") | O27: =IF($I27=14,$G27*$H27*$J27,"") | P27: =IF($I27=16,$G27*$H27*$J27,"") | Q27: =IF($I27=20,$G27*$H27*$J27,"") | R27: =IF($I27=25,$G27*$H27*$J27,"") | S27: =IF($I27=32,$G27*$H27*$J27,"")
A28: S3 | B28: D | C28: 8 | D28: 1.2 | E28: 1.2 | F28: 0.3 | K28: =IF($I28=6,$G28*$H28*$J28,"") | L28: =IF($I28=8,$G28*$H28*$J28,"") | M28: =IF($I28=10,$G28*$H28*$J28,"") | N28: =IF($I28=12,$G28*$H28*$J28,"") | O28: =IF($I28=14,$G28*$H28*$J28,"") | P28: =IF($I28=16,$G28*$H28*$J28,"") | Q28: =IF($I28=20,$G28*$H28*$J28,"") | R28: =IF($I28=25,$G28*$H28*$J28,"") | S28: =IF($I28=32,$G28*$H28*$J28,"")
A29: Armature INF X | G29: 1 | H29: 8 | I29: 12 | J29: =(E28-0.05)+34*I29/1000 | K29: =IF($I29=6,$G29*$H29*$J29,"") | L29: =IF($I29=8,$G29*$H29*$J29,"") | M29: =IF($I29=10,$G29*$H29*$J29,"") | N29: =IF($I29=12,$G29*$H29*$J29,"") | O29: =IF($I29=14,$G29*$H29*$J29,"") | P29: =IF($I29=16,$G29*$H29*$J29,"") | Q29: =IF($I29=20,$G29*$H29*$J29,"") | R29: =IF($I29=25,$G29*$H29*$J29,"") | S29: =IF($I29=32,$G29*$H29*$J29,"")
A30: Armature INF Y | G30: 1 | H30: 8 | I30: 12 | J30: =(D28-0.05)+34*I30/1000 | K30: =IF($I30=6,$G30*$H30*$J30,"") | L30: =IF($I30=8,$G30*$H30*$J30,"") | M30: =IF($I30=10,$G30*$H30*$J30,"") | N30: =IF($I30=12,$G30*$H30*$J30,"") | O30: =IF($I30=14,$G30*$H30*$J30,"") | P30: =IF($I30=16,$G30*$H30*$J30,"") | Q30: =IF($I30=20,$G30*$H30*$J30,"") | R30: =IF($I30=25,$G30*$H30*$J30,"") | S30: =IF($I30=32,$G30*$H30*$J30,"")
A31: S3 | B31: B | C31: 8 | D31: 1.2 | E31: 1.2 | F31: 0.3 | K31: =IF($I31=6,$G31*$H31*$J31,"") | L31: =IF($I31=8,$G31*$H31*$J31,"") | M31: =IF($I31=10,$G31*$H31*$J31,"") | N31: =IF($I31=12,$G31*$H31*$J31,"") | O31: =IF($I31=14,$G31*$H31*$J31,"") | P31: =IF($I31=16,$G31*$H31*$J31,"") | Q31: =IF($I31=20,$G31*$H31*$J31,"") | R31: =IF($I31=25,$G31*$H31*$J31,"") | S31: =IF($I31=32,$G31*$H31*$J31,"")
A32: Armature INF X | G32: 1 | H32: 8 | I32: 12 | J32: =(E31-0.05)+34*I32/1000 | K32: =IF($I32=6,$G32*$H32*$J32,"") | L32: =IF($I32=8,$G32*$H32*$J32,"") | M32: =IF($I32=10,$G32*$H32*$J32,"") | N32: =IF($I32=12,$G32*$H32*$J32,"") | O32: =IF($I32=14,$G32*$H32*$J32,"") | P32: =IF($I32=16,$G32*$H32*$J32,"") | Q32: =IF($I32=20,$G32*$H32*$J32,"") | R32: =IF($I32=25,$G32*$H32*$J32,"") | S32: =IF($I32=32,$G32*$H32*$J32,"")
A33: Armature INF Y | G33: 1 | H33: 8 | I33: 12 | J33: =(D31-0.05)+34*I33/1000 | K33: =IF($I33=6,$G33*$H33*$J33,"") | L33: =IF($I33=8,$G33*$H33*$J33,"") | M33: =IF($I33=10,$G33*$H33*$J33,"") | N33: =IF($I33=12,$G33*$H33*$J33,"") | O33: =IF($I33=14,$G33*$H33*$J33,"") | P33: =IF($I33=16,$G33*$H33*$J33,"") | Q33: =IF($I33=20,$G33*$H33*$J33,"") | R33: =IF($I33=25,$G33*$H33*$J33,"") | S33: =IF($I33=32,$G33*$H33*$J33,"")
A34: S1 | B34: G | C34: 1 | D34: 1 | E34: 1 | F34: 0.25 | K34: =IF($I34=6,$G34*$H34*$J34,"") | L34: =IF($I34=8,$G34*$H34*$J34,"") | M34: =IF($I34=10,$G34*$H34*$J34,"") | N34: =IF($I34=12,$G34*$H34*$J34,"") | O34: =IF($I34=14,$G34*$H34*$J34,"") | P34: =IF($I34=16,$G34*$H34*$J34,"") | Q34: =IF($I34=20,$G34*$H34*$J34,"") | R34: =IF($I34=25,$G34*$H34*$J34,"") | S34: =IF($I34=32,$G34*$H34*$J34,"")
A35: Armature INF X | G35: 1 | H35: 6 | I35: 12 | J35: =(E34-0.05)+34*I35/1000 | K35: =IF($I35=6,$G35*$H35*$J35,"") | L35: =IF($I35=8,$G35*$H35*$J35,"") | M35: =IF($I35=10,$G35*$H35*$J35,"") | N35: =IF($I35=12,$G35*$H35*$J35,"") | O35: =IF($I35=14,$G35*$H35*$J35,"") | P35: =IF($I35=16,$G35*$H35*$J35,"") | Q35: =IF($I35=20,$G35*$H35*$J35,"") | R35: =IF($I35=25,$G35*$H35*$J35,"") | S35: =IF($I35=32,$G35*$H35*$J35,"")
A36: Armature INF Y | G36: 1 | H36: 6 | I36: 12 | J36: =(D34-0.05)+34*I36/1000 | K36: =IF($I36=6,$G36*$H36*$J36,"") | L36: =IF($I36=8,$G36*$H36*$J36,"") | M36: =IF($I36=10,$G36*$H36*$J36,"") | N36: =IF($I36=12,$G36*$H36*$J36,"") | O36: =IF($I36=14,$G36*$H36*$J36,"") | P36: =IF($I36=16,$G36*$H36*$J36,"") | Q36: =IF($I36=20,$G36*$H36*$J36,"") | R36: =IF($I36=25,$G36*$H36*$J36,"") | S36: =IF($I36=32,$G36*$H36*$J36,"")
A37: S1 | B37: A | C37: 1 | D37: 1 | E37: 1 | F37: 0.25 | K37: =IF($I37=6,$G37*$H37*$J37,"") | L37: =IF($I37=8,$G37*$H37*$J37,"") | M37: =IF($I37=10,$G37*$H37*$J37,"") | N37: =IF($I37=12,$G37*$H37*$J37,"") | O37: =IF($I37=14,$G37*$H37*$J37,"") | P37: =IF($I37=16,$G37*$H37*$J37,"") | Q37: =IF($I37=20,$G37*$H37*$J37,"") | R37: =IF($I37=25,$G37*$H37*$J37,"") | S37: =IF($I37=32,$G37*$H37*$J37,"")
A38: Armature INF X | G38: 1 | H38: 6 | I38: 12 | J38: =(E37-0.05)+34*I38/1000 | K38: =IF($I38=6,$G38*$H38*$J38,"") | L38: =IF($I38=8,$G38*$H38*$J38,"") | M38: =IF($I38=10,$G38*$H38*$J38,"") | N38: =IF($I38=12,$G38*$H38*$J38,"") | O38: =IF($I38=14,$G38*$H38*$J38,"") | P38: =IF($I38=16,$G38*$H38*$J38,"") | Q38: =IF($I38=20,$G38*$H38*$J38,"") | R38: =IF($I38=25,$G38*$H38*$J38,"") | S38: =IF($I38=32,$G38*$H38*$J38,"")
A39: Armature INF Y | G39: 1 | H39: 6 | I39: 12 | J39: =(D37-0.05)+34*I39/1000 | K39: =IF($I39=6,$G39*$H39*$J39,"") | L39: =IF($I39=8,$G39*$H39*$J39,"") | M39: =IF($I39=10,$G39*$H39*$J39,"") | N39: =IF($I39=12,$G39*$H39*$J39,"") | O39: =IF($I39=14,$G39*$H39*$J39,"") | P39: =IF($I39=16,$G39*$H39*$J39,"") | Q39: =IF($I39=20,$G39*$H39*$J39,"") | R39: =IF($I39=25,$G39*$H39*$J39,"") | S39: =IF($I39=32,$G39*$H39*$J39,"")
A40: S5 | B40: F | C40: 5 | D40: 1.5 | E40: 1.5 | F40: 0.4 | K40: =IF($I40=6,$G40*$H40*$J40,"") | L40: =IF($I40=8,$G40*$H40*$J40,"") | M40: =IF($I40=10,$G40*$H40*$J40,"") | N40: =IF($I40=12,$G40*$H40*$J40,"") | O40: =IF($I40=14,$G40*$H40*$J40,"") | P40: =IF($I40=16,$G40*$H40*$J40,"") | Q40: =IF($I40=20,$G40*$H40*$J40,"") | R40: =IF($I40=25,$G40*$H40*$J40,"") | S40: =IF($I40=32,$G40*$H40*$J40,"")
A41: Armature INF X | G41: 1 | H41: 0 | I41: 0 | J41: =(E40-0.05)+34*I41/1000 | K41: =IF($I41=6,$G41*$H41*$J41,"") | L41: =IF($I41=8,$G41*$H41*$J41,"") | M41: =IF($I41=10,$G41*$H41*$J41,"") | N41: =IF($I41=12,$G41*$H41*$J41,"") | O41: =IF($I41=14,$G41*$H41*$J41,"") | P41: =IF($I41=16,$G41*$H41*$J41,"") | Q41: =IF($I41=20,$G41*$H41*$J41,"") | R41: =IF($I41=25,$G41*$H41*$J41,"") | S41: =IF($I41=32,$G41*$H41*$J41,"")
A42: Armature INF Y | G42: 1 | H42: 0 | I42: 0 | J42: =(D40-0.05)+34*I42/1000 | K42: =IF($I42=6,$G42*$H42*$J42,"") | L42: =IF($I42=8,$G42*$H42*$J42,"") | M42: =IF($I42=10,$G42*$H42*$J42,"") | N42: =IF($I42=12,$G42*$H42*$J42,"") | O42: =IF($I42=14,$G42*$H42*$J42,"") | P42: =IF($I42=16,$G42*$H42*$J42,"") | Q42: =IF($I42=20,$G42*$H42*$J42,"") | R42: =IF($I42=25,$G42*$H42*$J42,"") | S42: =IF($I42=32,$G42*$H42*$J42,"")
A43: S5 | B43: B | C43: 5 | D43: 1.5 | E43: 1.5 | F43: 0.4 | K43: =IF($I43=6,$G43*$H43*$J43,"") | L43: =IF($I43=8,$G43*$H43*$J43,"") | M43: =IF($I43=10,$G43*$H43*$J43,"") | N43: =IF($I43=12,$G43*$H43*$J43,"") | O43: =IF($I43=14,$G43*$H43*$J43,"") | P43: =IF($I43=16,$G43*$H43*$J43,"") | Q43: =IF($I43=20,$G43*$H43*$J43,"") | R43: =IF($I43=25,$G43*$H43*$J43,"") | S43: =IF($I43=32,$G43*$H43*$J43,"")
A44: Armature INF X | G44: 1 | H44: 0 | I44: 0 | J44: =(E43-0.05)+34*I44/1000 | K44: =IF($I44=6,$G44*$H44*$J44,"") | L44: =IF($I44=8,$G44*$H44*$J44,"") | M44: =IF($I44=10,$G44*$H44*$J44,"") | N44: =IF($I44=12,$G44*$H44*$J44,"") | O44: =IF($I44=14,$G44*$H44*$J44,"") | P44: =IF($I44=16,$G44*$H44*$J44,"") | Q44: =IF($I44=20,$G44*$H44*$J44,"") | R44: =IF($I44=25,$G44*$H44*$J44,"") | S44: =IF($I44=32,$G44*$H44*$J44,"")
A45: Armature INF Y | G45: 1 | H45: 0 | I45: 0 | J45: =(D43-0.05)+34*I45/1000 | K45: =IF($I45=6,$G45*$H45*$J45,"") | L45: =IF($I45=8,$G45*$H45*$J45,"") | M45: =IF($I45=10,$G45*$H45*$J45,"") | N45: =IF($I45=12,$G45*$H45*$J45,"") | O45: =IF($I45=14,$G45*$H45*$J45,"") | P45: =IF($I45=16,$G45*$H45*$J45,"") | Q45: =IF($I45=20,$G45*$H45*$J45,"") | R45: =IF($I45=25,$G45*$H45*$J45,"") | S45: =IF($I45=32,$G45*$H45*$J45,"")
A46: S4 | B46: D | C46: 6 | D46: 1.5 | E46: 1.5 | F46: 0.4 | K46: =IF($I46=6,$G46*$H46*$J46,"") | L46: =IF($I46=8,$G46*$H46*$J46,"") | M46: =IF($I46=10,$G46*$H46*$J46,"") | N46: =IF($I46=12,$G46*$H46*$J46,"") | O46: =IF($I46=14,$G46*$H46*$J46,"") | P46: =IF($I46=16,$G46*$H46*$J46,"") | Q46: =IF($I46=20,$G46*$H46*$J46,"") | R46: =IF($I46=25,$G46*$H46*$J46,"") | S46: =IF($I46=32,$G46*$H46*$J46,"")
A47: Armature INF X | G47: 1 | H47: 11 | I47: 12 | J47: =(E46-0.05)+34*I47/1000 | K47: =IF($I47=6,$G47*$H47*$J47,"") | L47: =IF($I47=8,$G47*$H47*$J47,"") | M47: =IF($I47=10,$G47*$H47*$J47,"") | N47: =IF($I47=12,$G47*$H47*$J47,"") | O47: =IF($I47=14,$G47*$H47*$J47,"") | P47: =IF($I47=16,$G47*$H47*$J47,"") | Q47: =IF($I47=20,$G47*$H47*$J47,"") | R47: =IF($I47=25,$G47*$H47*$J47,"") | S47: =IF($I47=32,$G47*$H47*$J47,"")
A48: Armature INF Y | G48: 1 | H48: 11 | I48: 12 | J48: =(D46-0.05)+34*I48/1000 | K48: =IF($I48=6,$G48*$H48*$J48,"") | L48: =IF($I48=8,$G48*$H48*$J48,"") | M48: =IF($I48=10,$G48*$H48*$J48,"") | N48: =IF($I48=12,$G48*$H48*$J48,"") | O48: =IF($I48=14,$G48*$H48*$J48,"") | P48: =IF($I48=16,$G48*$H48*$J48,"") | Q48: =IF($I48=20,$G48*$H48*$J48,"") | R48: =IF($I48=25,$G48*$H48*$J48,"") | S48: =IF($I48=32,$G48*$H48*$J48,"")
A49: S4 | B49: F | C49: 6 | D49: 1.5 | E49: 1.5 | F49: 0.4 | K49: =IF($I49=6,$G49*$H49*$J49,"") | L49: =IF($I49=8,$G49*$H49*$J49,"") | M49: =IF($I49=10,$G49*$H49*$J49,"") | N49: =IF($I49=12,$G49*$H49*$J49,"") | O49: =IF($I49=14,$G49*$H49*$J49,"") | P49: =IF($I49=16,$G49*$H49*$J49,"") | Q49: =IF($I49=20,$G49*$H49*$J49,"") | R49: =IF($I49=25,$G49*$H49*$J49,"") | S49: =IF($I49=32,$G49*$H49*$J49,"")
A50: Armature INF X | G50: 1 | H50: 11 | I50: 12 | J50: =(E49-0.05)+34*I50/1000 | K50: =IF($I50=6,$G50*$H50*$J50,"") | L50: =IF($I50=8,$G50*$H50*$J50,"") | M50: =IF($I50=10,$G50*$H50*$J50,"") | N50: =IF($I50=12,$G50*$H50*$J50,"") | O50: =IF($I50=14,$G50*$H50*$J50,"") | P50: =IF($I50=16,$G50*$H50*$J50,"") | Q50: =IF($I50=20,$G50*$H50*$J50,"") | R50: =IF($I50=25,$G50*$H50*$J50,"") | S50: =IF($I50=32,$G50*$H50*$J50,"")
A51: Armature INF Y | G51: 1 | H51: 11 | I51: 12 | J51: =(D49-0.05)+34*I51/1000 | K51: =IF($I51=6,$G51*$H51*$J51,"") | L51: =IF($I51=8,$G51*$H51*$J51,"") | M51: =IF($I51=10,$G51*$H51*$J51,"") | N51: =IF($I51=12,$G51*$H51*$J51,"") | O51: =IF($I51=14,$G51*$H51*$J51,"") | P51: =IF($I51=16,$G51*$H51*$J51,"") | Q51: =IF($I51=20,$G51*$H51*$J51,"") | R51: =IF($I51=25,$G51*$H51*$J51,"") | S51: =IF($I51=32,$G51*$H51*$J51,"")
A52: S4 | B52: F | C52: 7 | D52: 1.5 | E52: 1.5 | F52: 0.4 | K52: =IF($I52=6,$G52*$H52*$J52,"") | L52: =IF($I52=8,$G52*$H52*$J52,"") | M52: =IF($I52=10,$G52*$H52*$J52,"") | N52: =IF($I52=12,$G52*$H52*$J52,"") | O52: =IF($I52=14,$G52*$H52*$J52,"") | P52: =IF($I52=16,$G52*$H52*$J52,"") | Q52: =IF($I52=20,$G52*$H52*$J52,"") | R52: =IF($I52=25,$G52*$H52*$J52,"") | S52: =IF($I52=32,$G52*$H52*$J52,"")
A53: Armature INF X | G53: 1 | H53: 11 | I53: 12 | J53: =(E52-0.05)+34*I53/1000 | K53: =IF($I53=6,$G53*$H53*$J53,"") | L53: =IF($I53=8,$G53*$H53*$J53,"") | M53: =IF($I53=10,$G53*$H53*$J53,"") | N53: =IF($I53=12,$G53*$H53*$J53,"") | O53: =IF($I53=14,$G53*$H53*$J53,"") | P53: =IF($I53=16,$G53*$H53*$J53,"") | Q53: =IF($I53=20,$G53*$H53*$J53,"") | R53: =IF($I53=25,$G53*$H53*$J53,"") | S53: =IF($I53=32,$G53*$H53*$J53,"")
A54: Armature INF Y | G54: 1 | H54: 11 | I54: 12 | J54: =(D52-0.05)+34*I54/1000 | K54: =IF($I54=6,$G54*$H54*$J54,"") | L54: =IF($I54=8,$G54*$H54*$J54,"") | M54: =IF($I54=10,$G54*$H54*$J54,"") | N54: =IF($I54=12,$G54*$H54*$J54,"") | O54: =IF($I54=14,$G54*$H54*$J54,"") | P54: =IF($I54=16,$G54*$H54*$J54,"") | Q54: =IF($I54=20,$G54*$H54*$J54,"") | R54: =IF($I54=25,$G54*$H54*$J54,"") | S54: =IF($I54=32,$G54*$H54*$J54,"")
A55: S4 | B55: A | C55: 2 | D55: 1.5 | E55: 1.5 | F55: 0.4 | K55: =IF($I55=6,$G55*$H55*$J55,"") | L55: =IF($I55=8,$G55*$H55*$J55,"") | M55: =IF($I55=10,$G55*$H55*$J55,"") | N55: =IF($I55=12,$G55*$H55*$J55,"") | O55: =IF($I55=14,$G55*$H55*$J55,"") | P55: =IF($I55=16,$G55*$H55*$J55,"") | Q55: =IF($I55=20,$G55*$H55*$J55,"") | R55: =IF($I55=25,$G55*$H55*$J55,"") | S55: =IF($I55=32,$G55*$H55*$J55,"")
A56: Armature INF X | G56: 1 | H56: 11 | I56: 12 | J56: =(E55-0.05)+34*I56/1000 | K56: =IF($I56=6,$G56*$H56*$J56,"") | L56: =IF($I56=8,$G56*$H56*$J56,"") | M56: =IF($I56=10,$G56*$H56*$J56,"") | N56: =IF($I56=12,$G56*$H56*$J56,"") | O56: =IF($I56=14,$G56*$H56*$J56,"") | P56: =IF($I56=16,$G56*$H56*$J56,"") | Q56: =IF($I56=20,$G56*$H56*$J56,"") | R56: =IF($I56=25,$G56*$H56*$J56,"") | S56: =IF($I56=32,$G56*$H56*$J56,"")
A57: Armature INF Y | G57: 1 | H57: 11 | I57: 12 | J57: =(D55-0.05)+34*I57/1000 | K57: =IF($I57=6,$G57*$H57*$J57,"") | L57: =IF($I57=8,$G57*$H57*$J57,"") | M57: =IF($I57=10,$G57*$H57*$J57,"") | N57: =IF($I57=12,$G57*$H57*$J57,"") | O57: =IF($I57=14,$G57*$H57*$J57,"") | P57: =IF($I57=16,$G57*$H57*$J57,"") | Q57: =IF($I57=20,$G57*$H57*$J57,"") | R57: =IF($I57=25,$G57*$H57*$J57,"") | S57: =IF($I57=32,$G57*$H57*$J57,"")
A58: S4 | B58: A | C58: 4 | D58: 1.5 | E58: 1.5 | F58: 0.4 | K58: =IF($I58=6,$G58*$H58*$J58,"") | L58: =IF($I58=8,$G58*$H58*$J58,"") | M58: =IF($I58=10,$G58*$H58*$J58,"") | N58: =IF($I58=12,$G58*$H58*$J58,"") | O58: =IF($I58=14,$G58*$H58*$J58,"") | P58: =IF($I58=16,$G58*$H58*$J58,"") | Q58: =IF($I58=20,$G58*$H58*$J58,"") | R58: =IF($I58=25,$G58*$H58*$J58,"") | S58: =IF($I58=32,$G58*$H58*$J58,"")
A59: Armature INF X | G59: 1 | H59: 11 | I59: 12 | J59: =(E58-0.05)+34*I59/1000 | K59: =IF($I59=6,$G59*$H59*$J59,"") | L59: =IF($I59=8,$G59*$H59*$J59,"") | M59: =IF($I59=10,$G59*$H59*$J59,"") | N59: =IF($I59=12,$G59*$H59*$J59,"") | O59: =IF($I59=14,$G59*$H59*$J59,"") | P59: =IF($I59=16,$G59*$H59*$J59,"") | Q59: =IF($I59=20,$G59*$H59*$J59,"") | R59: =IF($I59=25,$G59*$H59*$J59,"") | S59: =IF($I59=32,$G59*$H59*$J59,"")
A60: Armature INF Y | G60: 1 | H60: 11 | I60: 12 | J60: =(D58-0.05)+34*I60/1000 | K60: =IF($I60=6,$G60*$H60*$J60,"") | L60: =IF($I60=8,$G60*$H60*$J60,"") | M60: =IF($I60=10,$G60*$H60*$J60,"") | N60: =IF($I60=12,$G60*$H60*$J60,"") | O60: =IF($I60=14,$G60*$H60*$J60,"") | P60: =IF($I60=16,$G60*$H60*$J60,"") | Q60: =IF($I60=20,$G60*$H60*$J60,"") | R60: =IF($I60=25,$G60*$H60*$J60,"") | S60: =IF($I60=32,$G60*$H60*$J60,"")
A61: S4 | B61: G | C61: 2 | D61: 1.5 | E61: 1.5 | F61: 0.4 | K61: =IF($I61=6,$G61*$H61*$J61,"") | L61: =IF($I61=8,$G61*$H61*$J61,"") | M61: =IF($I61=10,$G61*$H61*$J61,"") | N61: =IF($I61=12,$G61*$H61*$J61,"") | O61: =IF($I61=14,$G61*$H61*$J61,"") | P61: =IF($I61=16,$G61*$H61*$J61,"") | Q61: =IF($I61=20,$G61*$H61*$J61,"") | R61: =IF($I61=25,$G61*$H61*$J61,"") | S61: =IF($I61=32,$G61*$H61*$J61,"")
A62: Armature INF X | G62: 1 | H62: 11 | I62: 12 | J62: =(E61-0.05)+34*I62/1000 | K62: =IF($I62=6,$G62*$H62*$J62,"") | L62: =IF($I62=8,$G62*$H62*$J62,"") | M62: =IF($I62=10,$G62*$H62*$J62,"") | N62: =IF($I62=12,$G62*$H62*$J62,"") | O62: =IF($I62=14,$G62*$H62*$J62,"") | P62: =IF($I62=16,$G62*$H62*$J62,"") | Q62: =IF($I62=20,$G62*$H62*$J62,"") | R62: =IF($I62=25,$G62*$H62*$J62,"") | S62: =IF($I62=32,$G62*$H62*$J62,"")
A63: Armature INF Y | G63: 1 | H63: 11 | I63: 12 | J63: =(D61-0.05)+34*I63/1000 | K63: =IF($I63=6,$G63*$H63*$J63,"") | L63: =IF($I63=8,$G63*$H63*$J63,"") | M63: =IF($I63=10,$G63*$H63*$J63,"") | N63: =IF($I63=12,$G63*$H63*$J63,"") | O63: =IF($I63=14,$G63*$H63*$J63,"") | P63: =IF($I63=16,$G63*$H63*$J63,"") | Q63: =IF($I63=20,$G63*$H63*$J63,"") | R63: =IF($I63=25,$G63*$H63*$J63,"") | S63: =IF($I63=32,$G63*$H63*$J63,"")
A64: S4 | B64: G | C64: 3 | D64: 1.5 | E64: 1.5 | F64: 0.4 | K64: =IF($I64=6,$G64*$H64*$J64,"") | L64: =IF($I64=8,$G64*$H64*$J64,"") | M64: =IF($I64=10,$G64*$H64*$J64,"") | N64: =IF($I64=12,$G64*$H64*$J64,"") | O64: =IF($I64=14,$G64*$H64*$J64,"") | P64: =IF($I64=16,$G64*$H64*$J64,"") | Q64: =IF($I64=20,$G64*$H64*$J64,"") | R64: =IF($I64=25,$G64*$H64*$J64,"") | S64: =IF($I64=32,$G64*$H64*$J64,"")
A65: Armature INF X | G65: 1 | H65: 11 | I65: 12 | J65: =(E64-0.05)+34*I65/1000 | K65: =IF($I65=6,$G65*$H65*$J65,"") | L65: =IF($I65=8,$G65*$H65*$J65,"") | M65: =IF($I65=10,$G65*$H65*$J65,"") | N65: =IF($I65=12,$G65*$H65*$J65,"") | O65: =IF($I65=14,$G65*$H65*$J65,"") | P65: =IF($I65=16,$G65*$H65*$J65,"") | Q65: =IF($I65=20,$G65*$H65*$J65,"") | R65: =IF($I65=25,$G65*$H65*$J65,"") | S65: =IF($I65=32,$G65*$H65*$J65,"")
A66: Armature INF Y | G66: 1 | H66: 11 | I66: 12 | J66: =(D64-0.05)+34*I66/1000 | K66: =IF($I66=6,$G66*$H66*$J66,"") | L66: =IF($I66=8,$G66*$H66*$J66,"") | M66: =IF($I66=10,$G66*$H66*$J66,"") | N66: =IF($I66=12,$G66*$H66*$J66,"") | O66: =IF($I66=14,$G66*$H66*$J66,"") | P66: =IF($I66=16,$G66*$H66*$J66,"") | Q66: =IF($I66=20,$G66*$H66*$J66,"") | R66: =IF($I66=25,$G66*$H66*$J66,"") | S66: =IF($I66=32,$G66*$H66*$J66,"")
A67: S4 | B67: B | C67: 1 | D67: 1.5 | E67: 1.5 | F67: 0.4 | K67: =IF($I67=6,$G67*$H67*$J67,"") | L67: =IF($I67=8,$G67*$H67*$J67,"") | M67: =IF($I67=10,$G67*$H67*$J67,"") | N67: =IF($I67=12,$G67*$H67*$J67,"") | O67: =IF($I67=14,$G67*$H67*$J67,"") | P67: =IF($I67=16,$G67*$H67*$J67,"") | Q67: =IF($I67=20,$G67*$H67*$J67,"") | R67: =IF($I67=25,$G67*$H67*$J67,"") | S67: =IF($I67=32,$G67*$H67*$J67,"")
A68: Armature INF X | G68: 1 | H68: 11 | I68: 12 | J68: =(E67-0.05)+34*I68/1000 | K68: =IF($I68=6,$G68*$H68*$J68,"") | L68: =IF($I68=8,$G68*$H68*$J68,"") | M68: =IF($I68=10,$G68*$H68*$J68,"") | N68: =IF($I68=12,$G68*$H68*$J68,"") | O68: =IF($I68=14,$G68*$H68*$J68,"") | P68: =IF($I68=16,$G68*$H68*$J68,"") | Q68: =IF($I68=20,$G68*$H68*$J68,"") | R68: =IF($I68=25,$G68*$H68*$J68,"") | S68: =IF($I68=32,$G68*$H68*$J68,"")
A69: Armature INF Y | G69: 1 | H69: 11 | I69: 12 | J69: =(D67-0.05)+34*I69/1000 | K69: =IF($I69=6,$G69*$H69*$J69,"") | L69: =IF($I69=8,$G69*$H69*$J69,"") | M69: =IF($I69=10,$G69*$H69*$J69,"") | N69: =IF($I69=12,$G69*$H69*$J69,"") | O69: =IF($I69=14,$G69*$H69*$J69,"") | P69: =IF($I69=16,$G69*$H69*$J69,"") | Q69: =IF($I69=20,$G69*$H69*$J69,"") | R69: =IF($I69=25,$G69*$H69*$J69,"") | S69: =IF($I69=32,$G69*$H69*$J69,"")
A70: S5 | B70: G | C70: 5 | D70: 1.5 | E70: 1.5 | F70: 0.4 | K70: =IF($I70=6,$G70*$H70*$J70,"") | L70: =IF($I70=8,$G70*$H70*$J70,"") | M70: =IF($I70=10,$G70*$H70*$J70,"") | N70: =IF($I70=12,$G70*$H70*$J70,"") | O70: =IF($I70=14,$G70*$H70*$J70,"") | P70: =IF($I70=16,$G70*$H70*$J70,"") | Q70: =IF($I70=20,$G70*$H70*$J70,"") | R70: =IF($I70=25,$G70*$H70*$J70,"") | S70: =IF($I70=32,$G70*$H70*$J70,"")
A71: Armature INF X | G71: 1 | H71: 0 | I71: 0 | J71: =(E70-0.05)+34*I71/1000 | K71: =IF($I71=6,$G71*$H71*$J71,"") | L71: =IF($I71=8,$G71*$H71*$J71,"") | M71: =IF($I71=10,$G71*$H71*$J71,"") | N71: =IF($I71=12,$G71*$H71*$J71,"") | O71: =IF($I71=14,$G71*$H71*$J71,"") | P71: =IF($I71=16,$G71*$H71*$J71,"") | Q71: =IF($I71=20,$G71*$H71*$J71,"") | R71: =IF($I71=25,$G71*$H71*$J71,"") | S71: =IF($I71=32,$G71*$H71*$J71,"")
A72: Armature INF Y | G72: 1 | H72: 0 | I72: 0 | J72: =(D70-0.05)+34*I72/1000 | K72: =IF($I72=6,$G72*$H72*$J72,"") | L72: =IF($I72=8,$G72*$H72*$J72,"") | M72: =IF($I72=10,$G72*$H72*$J72,"") | N72: =IF($I72=12,$G72*$H72*$J72,"") | O72: =IF($I72=14,$G72*$H72*$J72,"") | P72: =IF($I72=16,$G72*$H72*$J72,"") | Q72: =IF($I72=20,$G72*$H72*$J72,"") | R72: =IF($I72=25,$G72*$H72*$J72,"") | S72: =IF($I72=32,$G72*$H72*$J72,"")
A73: P1 | D73: 0.25 | E73: 0.35 | F73: 3 | K73: =IF($I73=6,$G73*$H73*$J73,"") | L73: =IF($I73=8,$G73*$H73*$J73,"") | M73: =IF($I73=10,$G73*$H73*$J73,"") | N73: =IF($I73=12,$G73*$H73*$J73,"") | O73: =IF($I73=14,$G73*$H73*$J73,"") | P73: =IF($I73=16,$G73*$H73*$J73,"") | Q73: =IF($I73=20,$G73*$H73*$J73,"") | R73: =IF($I73=25,$G73*$H73*$J73,"") | S73: =IF($I73=32,$G73*$H73*$J73,"")
A74: ARM LONG | G74: 1 | H74: 6 | I74: 14 | J74: =(F73+0.50) | K74: =IF($I74=6,$G74*$H74*$J74,"") | L74: =IF($I74=8,$G74*$H74*$J74,"") | M74: =IF($I74=10,$G74*$H74*$J74,"") | N74: =IF($I74=12,$G74*$H74*$J74,"") | O74: =IF($I74=14,$G74*$H74*$J74,"") | P74: =IF($I74=16,$G74*$H74*$J74,"") | Q74: =IF($I74=20,$G74*$H74*$J74,"") | R74: =IF($I74=25,$G74*$H74*$J74,"") | S74: =IF($I74=32,$G74*$H74*$J74,"")
A75: CADRE | G75: =ROUNDUP(F73/0.15,0)+2 | H75: =ROUNDUP(F73/0.15,0)+2 | I75: 6 | J75: =(2*(D73+E73)+0.10) | K75: =IF($I75=6,$G75*$H75*$J75,"") | L75: =IF($I75=8,$G75*$H75*$J75,"") | M75: =IF($I75=10,$G75*$H75*$J75,"") | N75: =IF($I75=12,$G75*$H75*$J75,"") | O75: =IF($I75=14,$G75*$H75*$J75,"") | P75: =IF($I75=16,$G75*$H75*$J75,"") | Q75: =IF($I75=20,$G75*$H75*$J75,"") | R75: =IF($I75=25,$G75*$H75*$J75,"") | S75: =IF($I75=32,$G75*$H75*$J75,"")
A76: P2 | D76: 0.4 | E76: 0.4 | F76: 3 | K76: =IF($I76=6,$G76*$H76*$J76,"") | L76: =IF($I76=8,$G76*$H76*$J76,"") | M76: =IF($I76=10,$G76*$H76*$J76,"") | N76: =IF($I76=12,$G76*$H76*$J76,"") | O76: =IF($I76=14,$G76*$H76*$J76,"") | P76: =IF($I76=16,$G76*$H76*$J76,"") | Q76: =IF($I76=20,$G76*$H76*$J76,"") | R76: =IF($I76=25,$G76*$H76*$J76,"") | S76: =IF($I76=32,$G76*$H76*$J76,"")
A77: ARM LONG | G77: 1 | H77: 6 | I77: 14 | J77: =(F76+0.50) | K77: =IF($I77=6,$G77*$H77*$J77,"") | L77: =IF($I77=8,$G77*$H77*$J77,"") | M77: =IF($I77=10,$G77*$H77*$J77,"") | N77: =IF($I77=12,$G77*$H77*$J77,"") | O77: =IF($I77=14,$G77*$H77*$J77,"") | P77: =IF($I77=16,$G77*$H77*$J77,"") | Q77: =IF($I77=20,$G77*$H77*$J77,"") | R77: =IF($I77=25,$G77*$H77*$J77,"") | S77: =IF($I77=32,$G77*$H77*$J77,"")
A78: CADRE | G78: =ROUNDUP(F76/0.15,0)+2 | H78: =ROUNDUP(F76/0.15,0)+2 | I78: 6 | J78: =(2*(D76+E76)+0.10) | K78: =IF($I78=6,$G78*$H78*$J78,"") | L78: =IF($I78=8,$G78*$H78*$J78,"") | M78: =IF($I78=10,$G78*$H78*$J78,"") | N78: =IF($I78=12,$G78*$H78*$J78,"") | O78: =IF($I78=14,$G78*$H78*$J78,"") | P78: =IF($I78=16,$G78*$H78*$J78,"") | Q78: =IF($I78=20,$G78*$H78*$J78,"") | R78: =IF($I78=25,$G78*$H78*$J78,"") | S78: =IF($I78=32,$G78*$H78*$J78,"")
A79: P3 | D79: 0.3 | E79: 0.3 | F79: 3 | K79: =IF($I79=6,$G79*$H79*$J79,"") | L79: =IF($I79=8,$G79*$H79*$J79,"") | M79: =IF($I79=10,$G79*$H79*$J79,"") | N79: =IF($I79=12,$G79*$H79*$J79,"") | O79: =IF($I79=14,$G79*$H79*$J79,"") | P79: =IF($I79=16,$G79*$H79*$J79,"") | Q79: =IF($I79=20,$G79*$H79*$J79,"") | R79: =IF($I79=25,$G79*$H79*$J79,"") | S79: =IF($I79=32,$G79*$H79*$J79,"")
A80: ARM LONG | G80: 1 | H80: 6 | I80: 14 | J80: =(F79+0.50) | K80: =IF($I80=6,$G80*$H80*$J80,"") | L80: =IF($I80=8,$G80*$H80*$J80,"") | M80: =IF($I80=10,$G80*$H80*$J80,"") | N80: =IF($I80=12,$G80*$H80*$J80,"") | O80: =IF($I80=14,$G80*$H80*$J80,"") | P80: =IF($I80=16,$G80*$H80*$J80,"") | Q80: =IF($I80=20,$G80*$H80*$J80,"") | R80: =IF($I80=25,$G80*$H80*$J80,"") | S80: =IF($I80=32,$G80*$H80*$J80,"")
A81: CADRE | G81: =ROUNDUP(F79/0.15,0)+2 | H81: =ROUNDUP(F79/0.15,0)+2 | I81: 6 | J81: =(2*(D79+E79)+0.10) | K81: =IF($I81=6,$G81*$H81*$J81,"") | L81: =IF($I81=8,$G81*$H81*$J81,"") | M81: =IF($I81=10,$G81*$H81*$J81,"") | N81: =IF($I81=12,$G81*$H81*$J81,"") | O81: =IF($I81=14,$G81*$H81*$J81,"") | P81: =IF($I81=16,$G81*$H81*$J81,"") | Q81: =IF($I81=20,$G81*$H81*$J81,"") | R81: =IF($I81=25,$G81*$H81*$J81,"") | S81: =IF($I81=32,$G81*$H81*$J81,"")
A82: P4 | D82: 0.35 | E82: 0.35 | F82: 3 | K82: =IF($I82=6,$G82*$H82*$J82,"") | L82: =IF($I82=8,$G82*$H82*$J82,"") | M82: =IF($I82=10,$G82*$H82*$J82,"") | N82: =IF($I82=12,$G82*$H82*$J82,"") | O82: =IF($I82=14,$G82*$H82*$J82,"") | P82: =IF($I82=16,$G82*$H82*$J82,"") | Q82: =IF($I82=20,$G82*$H82*$J82,"") | R82: =IF($I82=25,$G82*$H82*$J82,"") | S82: =IF($I82=32,$G82*$H82*$J82,"")
A83: ARM LONG | G83: 1 | H83: 6 | I83: 14 | J83: =(F82+0.50) | K83: =IF($I83=6,$G83*$H83*$J83,"") | L83: =IF($I83=8,$G83*$H83*$J83,"") | M83: =IF($I83=10,$G83*$H83*$J83,"") | N83: =IF($I83=12,$G83*$H83*$J83,"") | O83: =IF($I83=14,$G83*$H83*$J83,"") | P83: =IF($I83=16,$G83*$H83*$J83,"") | Q83: =IF($I83=20,$G83*$H83*$J83,"") | R83: =IF($I83=25,$G83*$H83*$J83,"") | S83: =IF($I83=32,$G83*$H83*$J83,"")
A84: CADRE | G84: =ROUNDUP(F82/0.15,0)+2 | H84: =ROUNDUP(F82/0.15,0)+2 | I84: 6 | J84: =(2*(D82+E82)+0.10) | K84: =IF($I84=6,$G84*$H84*$J84,"") | L84: =IF($I84=8,$G84*$H84*$J84,"") | M84: =IF($I84=10,$G84*$H84*$J84,"") | N84: =IF($I84=12,$G84*$H84*$J84,"") | O84: =IF($I84=14,$G84*$H84*$J84,"") | P84: =IF($I84=16,$G84*$H84*$J84,"") | Q84: =IF($I84=20,$G84*$H84*$J84,"") | R84: =IF($I84=25,$G84*$H84*$J84,"") | S84: =IF($I84=32,$G84*$H84*$J84,"")
A85: BN1 | D85: 0 | E85: 0 | K85: =IF($I85=6,$G85*$H85*$J85,"") | L85: =IF($I85=8,$G85*$H85*$J85,"") | M85: =IF($I85=10,$G85*$H85*$J85,"") | N85: =IF($I85=12,$G85*$H85*$J85,"") | O85: =IF($I85=14,$G85*$H85*$J85,"") | P85: =IF($I85=16,$G85*$H85*$J85,"") | Q85: =IF($I85=20,$G85*$H85*$J85,"") | R85: =IF($I85=25,$G85*$H85*$J85,"") | S85: =IF($I85=32,$G85*$H85*$J85,"")
A86: Armature | G86: 1 | H86: 2 | I86: 12 | K86: =IF($I86=6,$G86*$H86*$J86,"") | L86: =IF($I86=8,$G86*$H86*$J86,"") | M86: =IF($I86=10,$G86*$H86*$J86,"") | N86: =IF($I86=12,$G86*$H86*$J86,"") | O86: =IF($I86=14,$G86*$H86*$J86,"") | P86: =IF($I86=16,$G86*$H86*$J86,"") | Q86: =IF($I86=20,$G86*$H86*$J86,"") | R86: =IF($I86=25,$G86*$H86*$J86,"") | S86: =IF($I86=32,$G86*$H86*$J86,"")
A87: Armature | G87: 1 | H87: 4 | I87: 14 | K87: =IF($I87=6,$G87*$H87*$J87,"") | L87: =IF($I87=8,$G87*$H87*$J87,"") | M87: =IF($I87=10,$G87*$H87*$J87,"") | N87: =IF($I87=12,$G87*$H87*$J87,"") | O87: =IF($I87=14,$G87*$H87*$J87,"") | P87: =IF($I87=16,$G87*$H87*$J87,"") | Q87: =IF($I87=20,$G87*$H87*$J87,"") | R87: =IF($I87=25,$G87*$H87*$J87,"") | S87: =IF($I87=32,$G87*$H87*$J87,"")
A88: Armature | G88: 1 | H88: 4 | I88: 16 | K88: =IF($I88=6,$G88*$H88*$J88,"") | L88: =IF($I88=8,$G88*$H88*$J88,"") | M88: =IF($I88=10,$G88*$H88*$J88,"") | N88: =IF($I88=12,$G88*$H88*$J88,"") | O88: =IF($I88=14,$G88*$H88*$J88,"") | P88: =IF($I88=16,$G88*$H88*$J88,"") | Q88: =IF($I88=20,$G88*$H88*$J88,"") | R88: =IF($I88=25,$G88*$H88*$J88,"") | S88: =IF($I88=32,$G88*$H88*$J88,"")
A89: Armature | G89: 1 | H89: 4 | I89: 12 | K89: =IF($I89=6,$G89*$H89*$J89,"") | L89: =IF($I89=8,$G89*$H89*$J89,"") | M89: =IF($I89=10,$G89*$H89*$J89,"") | N89: =IF($I89=12,$G89*$H89*$J89,"") | O89: =IF($I89=14,$G89*$H89*$J89,"") | P89: =IF($I89=16,$G89*$H89*$J89,"") | Q89: =IF($I89=20,$G89*$H89*$J89,"") | R89: =IF($I89=25,$G89*$H89*$J89,"") | S89: =IF($I89=32,$G89*$H89*$J89,"")
A90: Armature | G90: 1 | H90: 4 | I90: 14 | K90: =IF($I90=6,$G90*$H90*$J90,"") | L90: =IF($I90=8,$G90*$H90*$J90,"") | M90: =IF($I90=10,$G90*$H90*$J90,"") | N90: =IF($I90=12,$G90*$H90*$J90,"") | O90: =IF($I90=14,$G90*$H90*$J90,"") | P90: =IF($I90=16,$G90*$H90*$J90,"") | Q90: =IF($I90=20,$G90*$H90*$J90,"") | R90: =IF($I90=25,$G90*$H90*$J90,"") | S90: =IF($I90=32,$G90*$H90*$J90,"")
A91: Armature | G91: 1 | H91: 2 | I91: 12 | K91: =IF($I91=6,$G91*$H91*$J91,"") | L91: =IF($I91=8,$G91*$H91*$J91,"") | M91: =IF($I91=10,$G91*$H91*$J91,"") | N91: =IF($I91=12,$G91*$H91*$J91,"") | O91: =IF($I91=14,$G91*$H91*$J91,"") | P91: =IF($I91=16,$G91*$H91*$J91,"") | Q91: =IF($I91=20,$G91*$H91*$J91,"") | R91: =IF($I91=25,$G91*$H91*$J91,"") | S91: =IF($I91=32,$G91*$H91*$J91,"")
A92: Armature | G92: 1 | H92: 2 | I92: 16 | K92: =IF($I92=6,$G92*$H92*$J92,"") | L92: =IF($I92=8,$G92*$H92*$J92,"") | M92: =IF($I92=10,$G92*$H92*$J92,"") | N92: =IF($I92=12,$G92*$H92*$J92,"") | O92: =IF($I92=14,$G92*$H92*$J92,"") | P92: =IF($I92=16,$G92*$H92*$J92,"") | Q92: =IF($I92=20,$G92*$H92*$J92,"") | R92: =IF($I92=25,$G92*$H92*$J92,"") | S92: =IF($I92=32,$G92*$H92*$J92,"")
A93: BN2 | D93: 0 | E93: 0 | K93: =IF($I93=6,$G93*$H93*$J93,"") | L93: =IF($I93=8,$G93*$H93*$J93,"") | M93: =IF($I93=10,$G93*$H93*$J93,"") | N93: =IF($I93=12,$G93*$H93*$J93,"") | O93: =IF($I93=14,$G93*$H93*$J93,"") | P93: =IF($I93=16,$G93*$H93*$J93,"") | Q93: =IF($I93=20,$G93*$H93*$J93,"") | R93: =IF($I93=25,$G93*$H93*$J93,"") | S93: =IF($I93=32,$G93*$H93*$J93,"")
A94: N1 | D94: 0.2 | E94: 0.3 | K94: =IF($I94=6,$G94*$H94*$J94,"") | L94: =IF($I94=8,$G94*$H94*$J94,"") | M94: =IF($I94=10,$G94*$H94*$J94,"") | N94: =IF($I94=12,$G94*$H94*$J94,"") | O94: =IF($I94=14,$G94*$H94*$J94,"") | P94: =IF($I94=16,$G94*$H94*$J94,"") | Q94: =IF($I94=20,$G94*$H94*$J94,"") | R94: =IF($I94=25,$G94*$H94*$J94,"") | S94: =IF($I94=32,$G94*$H94*$J94,"")
A95: Armature | G95: 1 | H95: 2 | I95: 10 | K95: =IF($I95=6,$G95*$H95*$J95,"") | L95: =IF($I95=8,$G95*$H95*$J95,"") | M95: =IF($I95=10,$G95*$H95*$J95,"") | N95: =IF($I95=12,$G95*$H95*$J95,"") | O95: =IF($I95=14,$G95*$H95*$J95,"") | P95: =IF($I95=16,$G95*$H95*$J95,"") | Q95: =IF($I95=20,$G95*$H95*$J95,"") | R95: =IF($I95=25,$G95*$H95*$J95,"") | S95: =IF($I95=32,$G95*$H95*$J95,"")
A96: Armature | G96: 1 | H96: 2 | I96: 12 | K96: =IF($I96=6,$G96*$H96*$J96,"") | L96: =IF($I96=8,$G96*$H96*$J96,"") | M96: =IF($I96=10,$G96*$H96*$J96,"") | N96: =IF($I96=12,$G96*$H96*$J96,"") | O96: =IF($I96=14,$G96*$H96*$J96,"") | P96: =IF($I96=16,$G96*$H96*$J96,"") | Q96: =IF($I96=20,$G96*$H96*$J96,"") | R96: =IF($I96=25,$G96*$H96*$J96,"") | S96: =IF($I96=32,$G96*$H96*$J96,"")
A97: Armature | G97: 1 | H97: 2 | I97: 12 | K97: =IF($I97=6,$G97*$H97*$J97,"") | L97: =IF($I97=8,$G97*$H97*$J97,"") | M97: =IF($I97=10,$G97*$H97*$J97,"") | N97: =IF($I97=12,$G97*$H97*$J97,"") | O97: =IF($I97=14,$G97*$H97*$J97,"") | P97: =IF($I97=16,$G97*$H97*$J97,"") | Q97: =IF($I97=20,$G97*$H97*$J97,"") | R97: =IF($I97=25,$G97*$H97*$J97,"") | S97: =IF($I97=32,$G97*$H97*$J97,"")
A98: N2 | D98: 0.2 | E98: 0.35 | K98: =IF($I98=6,$G98*$H98*$J98,"") | L98: =IF($I98=8,$G98*$H98*$J98,"") | M98: =IF($I98=10,$G98*$H98*$J98,"") | N98: =IF($I98=12,$G98*$H98*$J98,"") | O98: =IF($I98=14,$G98*$H98*$J98,"") | P98: =IF($I98=16,$G98*$H98*$J98,"") | Q98: =IF($I98=20,$G98*$H98*$J98,"") | R98: =IF($I98=25,$G98*$H98*$J98,"") | S98: =IF($I98=32,$G98*$H98*$J98,"")
A99: Armature | G99: 1 | H99: 2 | I99: 10 | K99: =IF($I99=6,$G99*$H99*$J99,"") | L99: =IF($I99=8,$G99*$H99*$J99,"") | M99: =IF($I99=10,$G99*$H99*$J99,"") | N99: =IF($I99=12,$G99*$H99*$J99,"") | O99: =IF($I99=14,$G99*$H99*$J99,"") | P99: =IF($I99=16,$G99*$H99*$J99,"") | Q99: =IF($I99=20,$G99*$H99*$J99,"") | R99: =IF($I99=25,$G99*$H99*$J99,"") | S99: =IF($I99=32,$G99*$H99*$J99,"")
A100: Armature | G100: 1 | H100: 2 | I100: 12 | K100: =IF($I100=6,$G100*$H100*$J100,"") | L100: =IF($I100=8,$G100*$H100*$J100,"") | M100: =IF($I100=10,$G100*$H100*$J100,"") | N100: =IF($I100=12,$G100*$H100*$J100,"") | O100: =IF($I100=14,$G100*$H100*$J100,"") | P100: =IF($I100=16,$G100*$H100*$J100,"") | Q100: =IF($I100=20,$G100*$H100*$J100,"") | R100: =IF($I100=25,$G100*$H100*$J100,"") | S100: =IF($I100=32,$G100*$H100*$J100,"")
...

Sheet 03_Attachement_Ferraillage
A1: ATTACHEMENT — SYNTHÈSE DES ARMATURES PAR TYPE D'OUVRAGE
A2: Projet : | F2: Attachement n° : | J2: Date :
A3: Type d'Ouvrage | B3: Type d'Armature | C3: N° Ouvrages cumulés | D3: Nb barres | E3: Diamètre (mm) | F3: Longueur unitaire (m) | G3: T6 | H3: T8 | I3: T10 | J3: T12 | K3: T14 | L3: T16 | M3: T20 | N3: T25 | O3: T32
A4: Semelle S2 | B4: Lit INF X & Y | C4: 1 | D4: 14 | E4: 12 | F4: 1.458 | G4: =IF($E4=6,$C4*$D4*$F4,"") | H4: =IF($E4=8,$C4*$D4*$F4,"") | I4: =IF($E4=10,$C4*$D4*$F4,"") | J4: =IF($E4=12,$C4*$D4*$F4,"") | K4: =IF($E4=14,$C4*$D4*$F4,"") | L4: =IF($E4=16,$C4*$D4*$F4,"") | M4: =IF($E4=20,$C4*$D4*$F4,"") | N4: =IF($E4=25,$C4*$D4*$F4,"") | O4: =IF($E4=32,$C4*$D4*$F4,"")
A5: Semelle S3 | B5: Lit INF X & Y | C5: 1 | D5: 16 | E5: 12 | F5: 1.558 | G5: =IF($E5=6,$C5*$D5*$F5,"") | H5: =IF($E5=8,$C5*$D5*$F5,"") | I5: =IF($E5=10,$C5*$D5*$F5,"") | J5: =IF($E5=12,$C5*$D5*$F5,"") | K5: =IF($E5=14,$C5*$D5*$F5,"") | L5: =IF($E5=16,$C5*$D5*$F5,"") | M5: =IF($E5=20,$C5*$D5*$F5,"") | N5: =IF($E5=25,$C5*$D5*$F5,"") | O5: =IF($E5=32,$C5*$D5*$F5,"")
A6: Semelle S3 | B6: Lit INF X & Y | C6: 1 | D6: 16 | E6: 12 | F6: 1.558 | G6: =IF($E6=6,$C6*$D6*$F6,"") | H6: =IF($E6=8,$C6*$D6*$F6,"") | I6: =IF($E6=10,$C6*$D6*$F6,"") | J6: =IF($E6=12,$C6*$D6*$F6,"") | K6: =IF($E6=14,$C6*$D6*$F6,"") | L6: =IF($E6=16,$C6*$D6*$F6,"") | M6: =IF($E6=20,$C6*$D6*$F6,"") | N6: =IF($E6=25,$C6*$D6*$F6,"") | O6: =IF($E6=32,$C6*$D6*$F6,"")
A7: Semelle S3 | B7: Lit INF X & Y | C7: 1 | D7: 16 | E7: 12 | F7: 1.558 | G7: =IF($E7=6,$C7*$D7*$F7,"") | H7: =IF($E7=8,$C7*$D7*$F7,"") | I7: =IF($E7=10,$C7*$D7*$F7,"") | J7: =IF($E7=12,$C7*$D7*$F7,"") | K7: =IF($E7=14,$C7*$D7*$F7,"") | L7: =IF($E7=16,$C7*$D7*$F7,"") | M7: =IF($E7=20,$C7*$D7*$F7,"") | N7: =IF($E7=25,$C7*$D7*$F7,"") | O7: =IF($E7=32,$C7*$D7*$F7,"")
A8: Semelle S3 | B8: Lit INF X & Y | C8: 1 | D8: 16 | E8: 12 | F8: 1.558 | G8: =IF($E8=6,$C8*$D8*$F8,"") | H8: =IF($E8=8,$C8*$D8*$F8,"") | I8: =IF($E8=10,$C8*$D8*$F8,"") | J8: =IF($E8=12,$C8*$D8*$F8,"") | K8: =IF($E8=14,$C8*$D8*$F8,"") | L8: =IF($E8=16,$C8*$D8*$F8,"") | M8: =IF($E8=20,$C8*$D8*$F8,"") | N8: =IF($E8=25,$C8*$D8*$F8,"") | O8: =IF($E8=32,$C8*$D8*$F8,"")
A9: Semelle S3 | B9: Lit INF X & Y | C9: 1 | D9: 16 | E9: 12 | F9: 1.558 | G9: =IF($E9=6,$C9*$D9*$F9,"") | H9: =IF($E9=8,$C9*$D9*$F9,"") | I9: =IF($E9=10,$C9*$D9*$F9,"") | J9: =IF($E9=12,$C9*$D9*$F9,"") | K9: =IF($E9=14,$C9*$D9*$F9,"") | L9: =IF($E9=16,$C9*$D9*$F9,"") | M9: =IF($E9=20,$C9*$D9*$F9,"") | N9: =IF($E9=25,$C9*$D9*$F9,"") | O9: =IF($E9=32,$C9*$D9*$F9,"")
A10: Semelle S3 | B10: Lit INF X & Y | C10: 1 | D10: 16 | E10: 12 | F10: 1.558 | G10: =IF($E10=6,$C10*$D10*$F10,"") | H10: =IF($E10=8,$C10*$D10*$F10,"") | I10: =IF($E10=10,$C10*$D10*$F10,"") | J10: =IF($E10=12,$C10*$D10*$F10,"") | K10: =IF($E10=14,$C10*$D10*$F10,"") | L10: =IF($E10=16,$C10*$D10*$F10,"") | M10: =IF($E10=20,$C10*$D10*$F10,"") | N10: =IF($E10=25,$C10*$D10*$F10,"") | O10: =IF($E10=32,$C10*$D10*$F10,"")
A11: Semelle S4 | B11: Lit INF X & Y | C11: 1 | D11: 22 | E11: 12 | F11: 1.858 | G11: =IF($E11=6,$C11*$D11*$F11,"") | H11: =IF($E11=8,$C11*$D11*$F11,"") | I11: =IF($E11=10,$C11*$D11*$F11,"") | J11: =IF($E11=12,$C11*$D11*$F11,"") | K11: =IF($E11=14,$C11*$D11*$F11,"") | L11: =IF($E11=16,$C11*$D11*$F11,"") | M11: =IF($E11=20,$C11*$D11*$F11,"") | N11: =IF($E11=25,$C11*$D11*$F11,"") | O11: =IF($E11=32,$C11*$D11*$F11,"")
A12: Semelle S3 | B12: Lit INF X & Y | C12: 1 | D12: 16 | E12: 12 | F12: 1.558 | G12: =IF($E12=6,$C12*$D12*$F12,"") | H12: =IF($E12=8,$C12*$D12*$F12,"") | I12: =IF($E12=10,$C12*$D12*$F12,"") | J12: =IF($E12=12,$C12*$D12*$F12,"") | K12: =IF($E12=14,$C12*$D12*$F12,"") | L12: =IF($E12=16,$C12*$D12*$F12,"") | M12: =IF($E12=20,$C12*$D12*$F12,"") | N12: =IF($E12=25,$C12*$D12*$F12,"") | O12: =IF($E12=32,$C12*$D12*$F12,"")
A13: Semelle S3 | B13: Lit INF X & Y | C13: 1 | D13: 16 | E13: 12 | F13: 1.558 | G13: =IF($E13=6,$C13*$D13*$F13,"") | H13: =IF($E13=8,$C13*$D13*$F13,"") | I13: =IF($E13=10,$C13*$D13*$F13,"") | J13: =IF($E13=12,$C13*$D13*$F13,"") | K13: =IF($E13=14,$C13*$D13*$F13,"") | L13: =IF($E13=16,$C13*$D13*$F13,"") | M13: =IF($E13=20,$C13*$D13*$F13,"") | N13: =IF($E13=25,$C13*$D13*$F13,"") | O13: =IF($E13=32,$C13*$D13*$F13,"")
A14: Semelle S1 | B14: Lit INF X & Y | C14: 1 | D14: 12 | E14: 12 | F14: 1.358 | G14: =IF($E14=6,$C14*$D14*$F14,"") | H14: =IF($E14=8,$C14*$D14*$F14,"") | I14: =IF($E14=10,$C14*$D14*$F14,"") | J14: =IF($E14=12,$C14*$D14*$F14,"") | K14: =IF($E14=14,$C14*$D14*$F14,"") | L14: =IF($E14=16,$C14*$D14*$F14,"") | M14: =IF($E14=20,$C14*$D14*$F14,"") | N14: =IF($E14=25,$C14*$D14*$F14,"") | O14: =IF($E14=32,$C14*$D14*$F14,"")
A15: Semelle S1 | B15: Lit INF X & Y | C15: 1 | D15: 12 | E15: 12 | F15: 1.358 | G15: =IF($E15=6,$C15*$D15*$F15,"") | H15: =IF($E15=8,$C15*$D15*$F15,"") | I15: =IF($E15=10,$C15*$D15*$F15,"") | J15: =IF($E15=12,$C15*$D15*$F15,"") | K15: =IF($E15=14,$C15*$D15*$F15,"") | L15: =IF($E15=16,$C15*$D15*$F15,"") | M15: =IF($E15=20,$C15*$D15*$F15,"") | N15: =IF($E15=25,$C15*$D15*$F15,"") | O15: =IF($E15=32,$C15*$D15*$F15,"")
... A30: Poteau P4 | B30: ARM LONG | C30: 1 | D30: 6 | E30: 14 | F30: 3.5 | G30: =IF($E30=6,$C30*$D30*$F30,"") | H30: =IF($E30=8,$C30*$D30*$F30,"") | I30: =IF($E30=10,$C30*$D30*$F30,"") | J30: =IF($E30=12,$C30*$D30*$F30,"") | K30: =IF($E30=14,$C30*$D30*$F30,"") | L30: =IF($E30=16,$C30*$D30*$F30,"") | M30: =IF($E30=20,$C30*$D30*$F30,"") | N30: =IF($E30=25,$C30*$D30*$F30,"") | O30: =IF($E30=32,$C30*$D30*$F30,"")
A31: Poutre BN1 | B31: Filants | C31: 1 | D31: 2 | E31: 12 | G31: =IF($E31=6,$C31*$D31*$F31,"") | H31: =IF($E31=8,$C31*$D31*$F31,"") | I31: =IF($E31=10,$C31*$D31*$F31,"") | J31: =IF($E31=12,$C31*$D31*$F31,"") | K31: =IF($E31=14,$C31*$D31*$F31,"") | L31: =IF($E31=16,$C31*$D31*$F31,"") | M31: =IF($E31=20,$C31*$D31*$F31,"") | N31: =IF($E31=25,$C31*$D31*$F31,"") | O31: =IF($E31=32,$C31*$D31*$F31,"")
A32: Poutre BN1 | B32: Filants | C32: 1 | D32: 4 | E32: 14 | G32: =IF($E32=6,$C32*$D32*$F32,"") | H32: =IF($E32=8,$C32*$D32*$F32,"") | I32: =IF($E32=10,$C32*$D32*$F32,"") | J32: =IF($E32=12,$C32*$D32*$F32,"") | K32: =IF($E32=14,$C32*$D32*$F32,"") | L32: =IF($E32=16,$C32*$D32*$F32,"") | M32: =IF($E32=20,$C32*$D32*$F32,"") | N32: =IF($E32=25,$C32*$D32*$F32,"") | O32: =IF($E32=32,$C32*$D32*$F32,"")
A33: Poutre BN1 | B33: Filants | C33: 1 | D33: 4 | E33: 16 | G33: =IF($E33=6,$C33*$D33*$F33,"") | H33: =IF($E33=8,$C33*$D33*$F33,"") | I33: =IF($E33=10,$C33*$D33*$F33,"") | J33: =IF($E33=12,$C33*$D33*$F33,"") | K33: =IF($E33=14,$C33*$D33*$F33,"") | L33: =IF($E33=16,$C33*$D33*$F33,"") | M33: =IF($E33=20,$C33*$D33*$F33,"") | N33: =IF($E33=25,$C33*$D33*$F33,"") | O33: =IF($E33=32,$C33*$D33*$F33,"")
A34: Poutre BN1 | B34: Filants | C34: 1 | D34: 4 | E34: 12 | G34: =IF($E34=6,$C34*$D34*$F34,"") | H34: =IF($E34=8,$C34*$D34*$F34,"") | I34: =IF($E34=10,$C34*$D34*$F34,"") | J34: =IF($E34=12,$C34*$D34*$F34,"") | K34: =IF($E34=14,$C34*$D34*$F34,"") | L34: =IF($E34=16,$C34*$D34*$F34,"") | M34: =IF($E34=20,$C34*$D34*$F34,"") | N34: =IF($E34=25,$C34*$D34*$F34,"") | O34: =IF($E34=32,$C34*$D34*$F34,"")
A35: Poutre BN1 | B35: Filants | C35: 1 | D35: 4 | E35: 14 | G35: =IF($E35=6,$C35*$D35*$F35,"") | H35: =IF($E35=8,$C35*$D35*$F35,"") | I35: =IF($E35=10,$C35*$D35*$F35,"") | J35: =IF($E35=12,$C35*$D35*$F35,"") | K35: =IF($E35=14,$C35*$D35*$F35,"") | L35: =IF($E35=16,$C35*$D35*$F35,"") | M35: =IF($E35=20,$C35*$D35*$F35,"") | N35: =IF($E35=25,$C35*$D35*$F35,"") | O35: =IF($E35=32,$C35*$D35*$F35,"")
A36: Poutre BN1 | B36: Filants | C36: 1 | D36: 2 | E36: 12 | G36: =IF($E36=6,$C36*$D36*$F36,"") | H36: =IF($E36=8,$C36*$D36*$F36,"") | I36: =IF($E36=10,$C36*$D36*$F36,"") | J36: =IF($E36=12,$C36*$D36*$F36,"") | K36: =IF($E36=14,$C36*$D36*$F36,"") | L36: =IF($E36=16,$C36*$D36*$F36,"") | M36: =IF($E36=20,$C36*$D36*$F36,"") | N36: =IF($E36=25,$C36*$D36*$F36,"") | O36: =IF($E36=32,$C36*$D36*$F36,"")
A37: Poutre BN1 | B37: Filants | C37: 1 | D37: 2 | E37: 16 | G37: =IF($E37=6,$C37*$D37*$F37,"") | H37: =IF($E37=8,$C37*$D37*$F37,"") | I37: =IF($E37=10,$C37*$D37*$F37,"") | J37: =IF($E37=12,$C37*$D37*$F37,"") | K37: =IF($E37=14,$C37*$D37*$F37,"") | L37: =IF($E37=16,$C37*$D37*$F37,"") | M37: =IF($E37=20,$C37*$D37*$F37,"") | N37: =IF($E37=25,$C37*$D37*$F37,"") | O37: =IF($E37=32,$C37*$D37*$F37,"")
A38: Poutre N1 | B38: Filants | C38: 1 | D38: 2 | E38: 10 | G38: =IF($E38=6,$C38*$D38*$F38,"") | H38: =IF($E38=8,$C38*$D38*$F38,"") | I38: =IF($E38=10,$C38*$D38*$F38,"") | J38: =IF($E38=12,$C38*$D38*$F38,"") | K38: =IF($E38=14,$C38*$D38*$F38,"") | L38: =IF($E38=16,$C38*$D38*$F38,"") | M38: =IF($E38=20,$C38*$D38*$F38,"") | N38: =IF($E38=25,$C38*$D38*$F38,"") | O38: =IF($E38=32,$C38*$D38*$F38,"")
A39: Poutre N1 | B39: Filants | C39: 1 | D39: 2 | E39: 12 | G39: =IF($E39=6,$C39*$D39*$F39,"") | H39: =IF($E39=8,$C39*$D39*$F39,"") | I39: =IF($E39=10,$C39*$D39*$F39,"") | J39: =IF($E39=12,$C39*$D39*$F39,"") | K39: =IF($E39=14,$C39*$D39*$F39,"") | L39: =IF($E39=16,$C39*$D39*$F39,"") | M39: =IF($E39=20,$C39*$D39*$F39,"") | N39: =IF($E39=25,$C39*$D39*$F39,"") | O39: =IF($E39=32,$C39*$D39*$F39,"")
A40: Poutre N1 | B40: Filants | C40: 1 | D40: 2 | E40: 12 | G40: =IF($E40=6,$C40*$D40*$F40,"") | H40: =IF($E40=8,$C40*$D40*$F40,"") | I40: =IF($E40=10,$C40*$D40*$F40,"") | J40: =IF($E40=12,$C40*$D40*$F40,"") | K40: =IF($E40=14,$C40*$D40*$F40,"") | L40: =IF($E40=16,$C40*$D40*$F40,"") | M40: =IF($E40=20,$C40*$D40*$F40,"") | N40: =IF($E40=25,$C40*$D40*$F40,"") | O40: =IF($E40=32,$C40*$D40*$F40,"")
A41: Poutre N2 | B41: Filants | C41: 1 | D41: 2 | E41: 10 | G41: =IF($E41=6,$C41*$D41*$F41,"") | H41: =IF($E41=8,$C41*$D41*$F41,"") | I41: =IF($E41=10,$C41*$D41*$F41,"") | J41: =IF($E41=12,$C41*$D41*$F41,"") | K41: =IF($E41=14,$C41*$D41*$F41,"") | L41: =IF($E41=16,$C41*$D41*$F41,"") | M41: =IF($E41=20,$C41*$D41*$F41,"") | N41: =IF($E41=25,$C41*$D41*$F41,"") | O41: =IF($E41=32,$C41*$D41*$F41,"")
A42: Poutre N2 | B42: Filants | C42: 1 | D42: 2 | E42: 12 | G42: =IF($E42=6,$C42*$D42*$F42,"") | H42: =IF($E42=8,$C42*$D42*$F42,"") | I42: =IF($E42=10,$C42*$D42*$F42,"") | J42: =IF($E42=12,$C42*$D42*$F42,"") | K42: =IF($E42=14,$C42*$D42*$F42,"") | L42: =IF($E42=16,$C42*$D42*$F42,"") | M42: =IF($E42=20,$C42*$D42*$F42,"") | N42: =IF($E42=25,$C42*$D42*$F42,"") | O42: =IF($E42=32,$C42*$D42*$F42,"")
... A59: Poutre N7 | B59: Filants | C59: 1 | D59: 4 | E59: 14 | G59: =IF($E59=6,$C59*$D59*$F59,"") | H59: =IF($E59=8,$C59*$D59*$F59,"") | I59: =IF($E59=10,$C59*$D59*$F59,"") | J59: =IF($E59=12,$C59*$D59*$F59,"") | K59: =IF($E59=14,$C59*$D59*$F59,"") | L59: =IF($E59=16,$C59*$D59*$F59,"") | M59: =IF($E59=20,$C59*$D59*$F59,"") | N59: =IF($E59=25,$C59*$D59*$F59,"") | O59: =IF($E59=32,$C59*$D59*$F59,"")
A60: LONGUEUR TOTALE (ml) | G60: =SUM(G4:G59) | H60: =SUM(H4:H59) | I60: =SUM(I4:I59) | J60: =SUM(J4:J59) | K60: =SUM(K4:K59) | L60: =SUM(L4:L59) | M60: =SUM(M4:M59) | N60: =SUM(N4:N59) | O60: =SUM(O4:O59)
A61: POIDS TOTAL SYNTHÈSE (kg) | G61: =G60*0.222+H60*0.395+I60*0.617+J60*0.888+K60*1.208+L60*1.578+M60*2.466+N60*3.853+O60*6.313

Sheet 04_GO_Attachement
A1: ATTACHEMENT — GROS ŒUVRES & DÉCOMPTE DES QUANTITÉS
A2: N° Marché : | C2: Situation n° : | E2: Période :
A3: N° Prix | B3: Désignation des Travaux | C3: Unité | D3: Qté Marché | E3: Qté Réalisée | F3: Reste | G3: % Avancement
A4: 1 | B4: Terrassement en fouilles | C4: M3 | E4: ='01_Detail_Quantitatif'!K32 | F4: =D4-E4 | G4: =IF(D4>0,E4/D4,0)
A5: 2 | B5: Béton de propreté dosé à 150 kg/m³ | C5: M3 | E5: ='01_Detail_Quantitatif'!K58 | F5: =D5-E5 | G5: =IF(D5>0,E5/D5,0)
A6: 3 | B6: Béton armé en fondation et élévation dosé à 350 kg/m³ | C6: M3 | E6: ='01_Detail_Quantitatif'!K84 | F6: =D6-E6 | G6: =IF(D6>0,E6/D6,0)
A7: 4 | B7: Aciers Haute Adhérence FeE500 | C7: KG | E7: ='02_Armatures'!K126 | F7: =D7-E7 | G7: =IF(D7>0,E7/D7,0)
A8: 5 | B8: Béton pour fûts de poteaux en fondation | C8: M3 | E8: ='01_Detail_Quantitatif'!K91 | F8: =D8-E8 | G8: =IF(D8>0,E8/D8,0)

Sheet 05_Catalogue_Armatures_Standard
A1: RÉFÉRENTIEL TECHNIQUE — CATALOGUE DES ARMATURES STANDARDISÉES (FIMUREX / EUROCODE 2)
A2: Abaques de dimensionnement, sections d'acier, charges admissibles et nomenclatures de chantier
A4: 1. POTEAUX PRÉFABRIQUÉS STANDARD (FIMUREX PN - 4 ET 6 FILANTS, H <= 2.80 m)
A5: Réf. Armature | B5: Type | C5: Section Béton (cm) | D5: Aciers Filants | E5: Cadres / Espac. | F5: Pser Intérieur (daN) | G5: Pser Extérieur (daN) | H5: Pser Int. (kN) | I5: Pser Ext. (kN) | J5: Attente PA | K5: Domaine / Norme
A6: PN4108X8 | B6: Type I | C6: 15 x 15 | D6: 4 HA 10 | E6: HA 5 e=15 | F6: 11780 | G6: 19500 | H6: 117.8 | I6: 195 | J6: PA4108X8 | K6: Eurocode 2 / Non sismique
A7: PN41010X10 | B7: Type I | C7: 15 x 15 | D7: 4 HA 10 | E7: HA 5 e=15 | F7: 11840 | G7: 25650 | H7: 118.4 | I7: 256.5 | J7: PA41010X10 | K7: Eurocode 2 / Non sismique
A8: PN41015X15 | B8: Type I | C8: 20 x 20 | D8: 4 HA 10 | E8: HA 5 e=15 | F8: 25810 | G8: 45180 | H8: 258.1 | I8: 451.8 | J8: PA1015X15 | K8: Eurocode 2 / Non sismique
A9: PN41020X20 | B9: Type I | C9: 25 x 25 | D9: 4 HA 10 | E9: HA 5 e=15 | F9: 45320 | G9: 70840 | H9: 453.2 | I9: 708.4 | J9: PA1015X15 | K9: Eurocode 2 / Non sismique
A10: P6N41025X25 | B10: Type I | C10: 30 x 30 | D10: 4 HA 10 | E10: HA 5 e=15 | F10: 70960 | G10: 97560 | H10: 709.6 | I10: 975.6 | J10: Sur mesure | K10: Eurocode 2 / Non sismique
A11: PN41010X20 | B11: Type I | C11: 15 x 25 | D11: 4 HA 10 | E11: HA 5 e=15 | F11: 17770 | G11: 36470 | H11: 177.7 | I11: 364.7 | J11: PA41010X10 | K11: Eurocode 2 / Section rect.
A12: PN41015X20 | B12: Type I | C12: 20 x 25 | D12: 4 HA 10 | E12: HA 5 e=15 | F12: 31210 | G12: 53230 | H12: 312.1 | I12: 532.3 | J12: PA1015X15 | K12: Eurocode 2 / Section rect.
A13: P6N61015X30 | B13: Type III | C13: 20 x 35 | D13: 6 HA 10 | E13: HA 5 e=15 | F13: 42010 | G13: 69330 | H13: 420.1 | I13: 693.3 | J13: PA661010X25 | K13: Eurocode 2 / 6 filants
A14: P6N61015X40 | B14: Type III | C14: 20 x 45 | D14: 6 HA 10 | E14: HA 5 e=15 | F14: 52820 | G14: 85430 | H14: 528.2 | I14: 854.3 | J14: PA661010X35 | K14: Eurocode 2 / 6 filants
A16: 2. SEMELLES ISOLÉES SOUS POTEAUX (FIMUREX SIC CARRÉES)
A17: Réf. Armature | B17: Section AxAxH (cm) | C17: Pser à 1.0 bar (daN) | D17: Pser à 1.5 bar (daN) | E17: Pser à 2.0 bars (daN) | F17: Pser 1.5b (kN) | G17: Nappes Inf. X | H17: Nappes Inf. Y | I17: Crochets (e cm) | J17: Abouts (cm) | K17: Enrobage (cm)
A18: SIC4655 / 4855 | B18: 65 x 65 x 20 | C18: 4230 | D18: 6340 | E18: 8450 | F18: 63.4 | G18: 4 HA 8 | H18: 4 HA 8 | I18: e = 15 | J18: 5 | K18: 5
A19: SIC5775 | B19: 85 x 85 x 25 | C19: 7230 | D19: 10840 | E19: 14450 | F19: 108.4 | G19: 5 HA 8 | H19: 5 HA 8 | I19: e = 15 | J19: 5 | K19: 5
A20: SIC6895 | B20: 105 x 105 x 30 | C20: 11030 | D20: 16540 | E20: 22050 | F20: 165.4 | G20: 6 HA 8 | H20: 6 HA 8 | I20: e = 15 | J20: 5 | K20: 5
A21: SIC610115 | B21: 125 x 125 x 35 | C21: 15630 | D21: 23440 | E21: 31250 | F21: 234.4 | G21: 6 HA 10 | H21: 6 HA 10 | I21: e = 15 | J21: 5 | K21: 5
A22: SIC710135 | B22: 145 x 145 x 40 | C22: 21030 | D22: 31540 | E22: 38090 | F22: 315.4 | G22: 7 HA 10 | H22: 7 HA 10 | I22: e = 15 | J22: 5 | K22: 5
A24: 3. SEMELLES FILANTES PLATES & RENFORCÉES (FIMUREX S / F / FM - Lg = 6.00 m)
A25: Réf. Armature | B25: Type Ouvrage | C25: Largeur (cm) | D25: Hauteur (cm) | E25: Aciers Filants | F25: Armatures Transv. | G25: Espac. (cm) | H25: Nuance Acier | I25: Conditionnement | J25: Usage Sol Recommandé | K25: Conformité
A26: S3835 | B26: Semelle plate | C26: 35 | D26: 5 | E26: 3 HA 8 | F26: Crochets HA 5 | G26: e = 30 | H26: B500A / B500B | I26: 48 unités | J26: Sol homogène sans tassement | K26: EC2 / FD P18-717
A27: S31040 | B27: Semelle plate | C27: 40 | D27: 5 | E27: 3 HA 10 | F27: Crochets HA 5 | G27: e = 30 | H27: B500A / B500B | I27: 48 unités | J27: Sol homogène standard | K27: EC2 / FD P18-717
A28: S41050 | B28: Semelle plate | C28: 50 | D28: 5 | E28: 4 HA 10 | F28: Crochets HA 5 | G28: e = 30 | H28: B500A / B500B | I28: 48 unités | J28: Murs porteurs lourds | K28: EC2 / FD P18-717
A29: F6835X15 | B29: Semelle renforcée | C29: 35 | D29: 15 | E29: 6 HA 8 (2 nappes) | F29: Cadres HA 5 | G29: e = 30 | H29: B500B | I29: 8 unités | J29: Faibles tassements diff. | K29: EC2 / FD P18-717
A30: F6835X20 | B30: Semelle renforcée | C30: 35 | D30: 20 | E30: 6 HA 8 (2 nappes) | F30: Cadres HA 5 | G30: e = 30 | H30: B500B | I30: 6 unités | J30: Faibles tassements diff. | K30: EC2 / FD P18-717
A31: FM61035X20 | B31: Semelle renforcée | C31: 35 | D31: 20 | E31: 6 HA 10 (2 nappes) | F31: Cadres HA 5 | G31: e = 25 | H31: B500B | I31: 6 unités | J31: Charges élevées | K31: EC2 / FD P18-717
A32: FM612140X20 | B32: Semelle renforcée | C32: 40 | D32: 20 | E32: 4 HA 12 + 2 HA 10 | F32: Cadres HA 5 | G32: e = 25 | H32: B500B | I32: 6 unités | J32: Rigidité renforcée | K32: EC2 / FD P18-717
A34: 4. CHAÎNAGES HORIZONTAUX & VERTICAUX (DTU 20.1 & ZONE SISMIQUE Z1 À Z4)
A35: Réf. Armature | B35: Zone Sismique | C35: Section Béton (cm) | D35: Aciers Filants | E35: Section An (cm²) | F35: Armat. Transversales | G35: Espac. (cm) | H35: Fermeture Cadres | I35: Positionnement Nœud | J35: Application | K35: Règle Normative
A36: CH2104X10 | B36: Z1 - Z2 (Très faible / Faible) | C36: 15 x 20 | D36: 2 HA 10 | E36: 1.57 | F36: Épingles Ø 4 | G36: e = 30 à 50 | H36: Libre | I36: - | J36: Chaînage horizontal / pignon | K36: DTU 20.1 (An >= 1.50 cm²)
A37: CH4710X10 | B37: Z1 - Z2 (Très faible / Faible) | C37: 15 x 15 | D37: 4 HA 7 | E37: 1.54 | F37: Cadres Ø 4 | G37: e = 30 à 40 | H37: Libre | I37: - | J37: Chaînage horizontal / vertical | K37: DTU 20.1 (An >= 1.50 cm²)
A38: CH4815X15 | B38: Z1 - Z2 (Très faible / Faible) | C38: 20 x 20 | D38: 4 HA 8 | E38: 2.01 | F38: Cadres Ø 4 | G38: e = 30 à 40 | H38: Libre | I38: - | J38: Chaînage niveaux courants | K38: DTU 20.1 (An >= 1.50 cm²)
A39: CHR41010X10 | B39: Z1 - Z2 (Très faible / Faible) | C39: 20 x 20 | D39: 4 HA 10 | E39: 3.14 | F39: Cadres HA 5 | G39: e = 20 | H39: 135° ou soudé | I39: - | J39: Planchers-terrasses | K39: DTU 20.1 (An >= 3.08 cm²)
A40: CS108X8 | B40: Z3 - Z4 (Modérée / Moyenne) | C40: 15 x 15 min | D40: 4 HA 10 | E40: 3.14 | F40: Cadres HA 5 | G40: e = 15 | H40: Crochets 135° | I40: 1er cadre à <= 7.5 cm | J40: Chaînage vert. / horiz. sismique | K40: CPMI EC8 / EC8-1
A41: CS1210X10 | B41: Z3 - Z4 (Modérée / Moyenne) | C41: 20 x 20 min | D41: 4 HA 12 | E41: 4.52 | F41: Cadres HA 5 | G41: e = 15 | H41: Crochets 135° | I41: 1er cadre à <= 7.5 cm | J41: Chaînage vert. / horiz. sismique | K41: CPMI EC8 / EC8-1
A42: ATCS108X8 | B42: Z3 - Z4 (Modérée / Moyenne) | C42: 15 x 15 min | D42: 4 HA 10 | E42: 3.14 | F42: Cadres HA 5 | G42: 25-4x15-85 | H42: Crochets 135° | I42: Recouvrement >= 60 cm | J42: Attente soubassement sismique | K42: CPMI EC8 (HA10 >= 60 cm)
A43: ATCS128X8 | B43: Z3 - Z4 (Modérée / Moyenne) | C43: 15 x 15 min | D43: 4 HA 12 | E43: 4.52 | F43: Cadres HA 5 | G43: 25-4x15-105 | H43: Crochets 135° | I43: Recouvrement >= 72 cm | J43: Attente soubassement sismique | K43: CPMI EC8 (HA12 >= 72 cm)
A45: 5. POUTRES À HAUTE RÉSISTANCE MANUPORTABLES (FIMUREX VULCAIN & DEMETER)
A46: Réf. Poutre | B46: Famille | C46: Portée Franchie (cm) | D46: Portée Réf. (cm) | E46: Section Béton BxH | F46: Plancher Façade (m) | G46: Plancher Refend (m) | H46: Pser Admissible (daN/m) | I46: Pser Appuis (daN) | J46: Ancrage Mini | K46: Flèche Admissible
A47: V25012X20 | B47: Vulcain (Refend) | C47: 160 à 210 | D47: 200 | E47: 20 x 25 | F47: 2.5 | G47: 7.4 | H47: 2670 | I47: 2670 | J47: 13 cm mini | K47: L/500 (FD P18-717)
A48: V35012X25 | B48: Vulcain (Refend) | C48: 260 à 310 | D48: 300 | E48: 20 x 30 | F48: 3.6 | G48: 7.3 | H48: 2650 | I48: 3980 | J48: 13 cm mini | K48: L/500 (FD P18-717)
A49: V45012X35 | B49: Vulcain (Refend) | C49: 360 à 410 | D49: 400 | E49: 20 x 40 | F49: 4.1 | G49: 8.6 | H49: 3150 | I49: 6300 | J49: 13 cm mini | K49: L/500 (FD P18-717)
A50: V55012X40 | B50: Vulcain (Refend) | C50: 460 à 510 | D50: 500 | E50: 20 x 45 | F50: 3.6 | G50: 8.2 | H50: 3040 | I50: 7600 | J50: 13 cm mini | K50: L/500 (FD P18-717)
A51: D35014X30 | B51: Demeter (Fortes charges) | C51: 260 à 310 | D51: 300 | E51: 20 x 35 | F51: 11.2 | G51: 14.8 | H51: 5190 | I51: 7790 | J51: 18 cm mini | K51: L/500 (FD P18-717)
A52: D45014X35 | B52: Demeter (Fortes charges) | C52: 360 à 410 | D52: 400 | E52: 20 x 40 | F52: 9 | G52: 12.9 | H52: 4570 | I52: 9140 | J52: 18 cm mini | K52: L/500 (FD P18-717)
A53: D55014X45 | B53: Demeter (Fortes charges) | C53: 460 à 510 | D53: 500 | E53: 20 x 50 | F53: 8.6 | G53: 12.5 | H53: 4500 | I53: 11250 | J53: 18 cm mini | K53: L/500 (FD P18-717)
A54: D65014X50 | B54: Demeter (Fortes charges) | C54: 560 à 610 | D54: 600 | E54: 20 x 55 | F54: 6.6 | G54: 10.8 | H54: 3940 | I54: 11820 | J54: 18 cm mini | K54: L/500 (FD P18-717)
A56: 6. TREILLIS SOUDÉS ADETS & ACCESSOIRES DE LIAISON / CONTINUITÉ
A57: Réf. Composant | B57: Catégorie | C57: Dimensions / Format | D57: Aciers / Diamètre | E57: Maille (cm) | F57: Poids Unitaire | G57: Nuance Acier | H57: Norme / Certificat | I57: Rôle Structurel | J57: - | K57: -
A58: ST15C | B58: Treillis ADETS | C58: Panneau 4.00 x 2.40 m | D58: Filants HA 6 + HA 6 | E58: 20 x 20 | F58: 2.22 kg/m² | G58: B500A / B500B | H58: NF AFCAB / ADETS | I58: Dallage & compression
A59: ST25C | B59: Treillis ADETS | C59: Panneau 6.00 x 2.40 m | D59: Filants HA 7 + HA 7 | E59: 15 x 15 | F59: 4.02 kg/m² | G59: B500B | H59: NF AFCAB / ADETS | I59: Structure dalle BA
A60: ST50C | B60: Treillis ADETS | C60: Panneau 6.00 x 2.40 m | D60: Filants HA 8 + HA 8 | E60: 10 x 10 | F60: 7.90 kg/m² | G60: B500B | H60: NF AFCAB / ADETS | I60: Radiers et dalles fortes
A61: EQ1060 | B61: Équerre de liaison | C61: Branches 60 x 60 cm | D61: Barre HA 10 | E61: - | F61: 0.617 kg/ml | G61: B500B | H61: Eurocode 2 | I61: Liaisons d'angles chaînages
A62: EQ1270 | B62: Équerre de liaison | C62: Branches 70 x 70 cm | D62: Barre HA 12 | E62: - | F62: 0.888 kg/ml | G62: B500B | H62: Eurocode 2 | I62: Liaisons d'angles semelles
A63: CD12200 | B63: Chapeau de continuité | C63: Longueur 2.00 m | D63: Barre HA 12 | E63: - | F63: 0.888 kg/ml | G63: B500B | H63: Eurocode 2 | I63: Continuité poutrelles plancher
A64: NOVABOX N48CX50 | B64: Boîte d'attente | C64: Profil 0.80 m (recouv. 50 cm) | D64: Barres HA 8 (e=200) | E64: - | F64: Standard | G64: B500B | H64: AFCAB R15/008 | I64: Reprise de coulage voiles/dalles
